contenido_id,usuario_id,tipo_contenido,fecha_creacion,privado,categoria
1,707,Post,2021-09-15,False,Opinión
2,1238,Post,2021-12-10,False,Opinión
3,901,Post,2022-02-05,True,Noticias
4,158,Post,2023-07-02,True,Noticias
5,434,Post,2022-05-01,False,Noticias
6,323,Post,2022-06-26,True,Noticias
7,1354,Post,2023-06-21,True,Opinión
8,677,Post,2023-09-03,False,Noticias
9,987,Post,2022-05-16,True,Noticias
10,982,Post,2024-02-20,False,Noticias
11,1326,Post,2023-08-25,True,Noticias
12,46,Post,2024-09-26,False,Noticias
13,262,Post,2021-10-11,True,Noticias
14,276,Post,2022-12-18,True,Opinión
15,1173,Post,2020-05-02,True,Opinión
16,341,Post,2021-11-09,True,Noticias
17,1059,Post,2020-09-28,True,Noticias
18,1228,Post,2023-11-22,False,Opinión
19,1474,Post,2023-07-20,True,Deportes
20,176,Post,2021-12-08,False,Noticias
21,1243,Post,2024-06-18,False,Entretenimiento
22,350,Post,2020-09-15,False,Noticias
23,1231,Post,2020-07-15,False,Entretenimiento
24,1277,Post,2021-12-08,True,Noticias
25,344,Post,2021-01-30,False,Deportes
26,929,Post,2020-05-24,False,Opinión
27,471,Post,2021-02-09,True,Deportes
28,271,Post,2020-12-21,False,Entretenimiento
29,415,Post,2022-04-12,True,Entretenimiento
30,307,Post,2022-06-03,False,Noticias
31,364,Post,2020-07-24,True,Noticias
32,1089,Post,2023-01-29,True,Deportes
33,191,Post,2022-07-12,True,Opinión
34,1236,Post,2023-04-06,True,Entretenimiento
35,1390,Post,2020-11-09,True,Opinión
36,1070,Post,2024-08-31,False,Entretenimiento
37,89,Post,2021-06-12,False,Entretenimiento
38,470,Post,2022-09-15,False,Entretenimiento
39,781,Post,2020-09-20,False,Opinión
40,872,Post,2022-03-20,True,Deportes
41,978,Post,2021-06-11,False,Noticias
42,172,Post,2024-02-28,True,Deportes
43,528,Post,2023-01-21,False,Noticias
44,1453,Post,2024-04-19,True,Entretenimiento
45,1184,Post,2023-10-31,True,Entretenimiento
46,1065,Post,2020-04-06,True,Opinión
47,1341,Post,2024-04-20,False,Opinión
48,838,Post,2025-02-01,False,Noticias
49,317,Post,2020-05-15,True,Entretenimiento
50,536,Post,2022-04-23,False,Opinión
51,1157,Post,2021-12-07,False,Opinión
52,1394,Post,2022-10-03,False,Opinión
53,847,Post,2024-04-13,True,Deportes
54,367,Post,2022-09-03,False,Noticias
55,520,Post,2021-01-12,False,Entretenimiento
56,1445,Post,2022-01-23,False,Deportes
57,1351,Post,2023-11-20,True,Entretenimiento
58,915,Post,2023-04-01,True,Entretenimiento
59,206,Post,2022-04-03,True,Entretenimiento
60,694,Post,2022-01-21,False,Deportes
61,330,Post,2024-03-16,True,Opinión
62,187,Post,2024-04-29,True,Opinión
63,966,Post,2021-05-19,True,Entretenimiento
64,181,Post,2021-10-22,False,Opinión
65,455,Post,2023-08-02,False,Entretenimiento
66,1248,Post,2021-11-10,True,Deportes
67,821,Post,2024-11-21,False,Deportes
68,1458,Post,2022-10-04,False,Noticias
69,359,Post,2024-05-22,True,Entretenimiento
70,900,Post,2021-08-30,False,Deportes
71,1346,Post,2024-07-24,True,Opinión
72,399,Post,2023-06-18,False,Entretenimiento
73,1260,Post,2024-03-28,True,Entretenimiento
74,737,Post,2023-10-12,True,Opinión
75,323,Post,2024-08-22,True,Opinión
76,819,Post,2022-10-27,False,Noticias
77,831,Post,2023-11-04,False,Noticias
78,1061,Post,2020-04-14,True,Noticias
79,185,Post,2022-12-19,True,Noticias
80,1488,Post,2023-10-01,False,Entretenimiento
81,712,Post,2022-04-23,False,Opinión
82,464,Post,2022-05-02,False,Noticias
83,932,Post,2024-07-24,True,Noticias
84,1178,Post,2020-09-22,False,Noticias
85,359,Post,2022-11-09,False,Deportes
86,1145,Post,2021-11-10,True,Noticias
87,697,Post,2023-11-20,False,Deportes
88,1052,Post,2022-11-08,True,Noticias
89,1102,Post,2022-11-21,False,Deportes
90,1422,Post,2020-06-14,False,Deportes
91,1154,Post,2024-01-09,False,Noticias
92,696,Post,2022-09-14,True,Entretenimiento
93,1396,Post,2021-12-03,False,Opinión
94,988,Post,2021-10-11,True,Noticias
95,139,Post,2022-09-16,False,Opinión
96,1387,Post,2024-12-11,True,Entretenimiento
97,647,Post,2024-04-17,True,Noticias
98,1058,Post,2022-12-21,False,Opinión
99,1436,Post,2022-11-02,True,Entretenimiento
100,509,Post,2024-02-23,False,Noticias
101,818,Post,2023-05-19,True,Noticias
102,156,Post,2020-11-16,False,Entretenimiento
103,976,Post,2020-11-10,True,Entretenimiento
104,448,Post,2020-05-08,False,Opinión
105,375,Post,2020-06-02,False,Opinión
106,1022,Post,2023-06-16,True,Opinión
107,481,Post,2023-10-06,True,Entretenimiento
108,544,Post,2024-06-24,True,Deportes
109,416,Post,2022-03-03,True,Entretenimiento
110,1267,Post,2024-01-27,True,Noticias
111,219,Post,2020-10-29,True,Entretenimiento
112,1385,Post,2020-09-03,True,Noticias
113,1258,Post,2022-11-20,False,Noticias
114,988,Post,2022-03-15,True,Opinión
115,1009,Post,2023-12-12,False,Entretenimiento
116,1006,Post,2020-09-17,False,Opinión
117,815,Post,2024-02-09,False,Noticias
118,111,Post,2022-11-06,True,Entretenimiento
119,980,Post,2023-06-25,False,Noticias
120,1030,Post,2021-07-06,True,Entretenimiento
121,1406,Post,2022-10-09,False,Deportes
122,937,Post,2023-09-13,True,Opinión
123,1431,Post,2025-01-23,True,Noticias
124,647,Post,2024-12-11,False,Entretenimiento
125,25,Post,2023-06-20,True,Opinión
126,778,Post,2024-04-04,True,Deportes
127,667,Post,2021-10-23,True,Noticias
128,384,Post,2024-02-09,False,Entretenimiento
129,486,Post,2021-11-01,False,Entretenimiento
130,1256,Post,2023-07-08,False,Deportes
131,377,Post,2021-04-10,False,Opinión
132,432,Post,2024-10-15,False,Deportes
133,748,Post,2023-12-20,False,Deportes
134,573,Post,2022-01-26,False,Entretenimiento
135,1171,Post,2023-09-07,True,Noticias
136,205,Post,2022-07-19,True,Noticias
137,483,Post,2022-07-31,False,Deportes
138,781,Post,2025-01-01,False,Opinión
139,307,Post,2022-04-19,True,Opinión
140,362,Post,2024-01-18,True,Deportes
141,276,Post,2020-07-30,False,Noticias
142,997,Post,2020-08-10,False,Opinión
143,1152,Post,2022-05-22,False,Deportes
144,816,Post,2020-11-19,True,Opinión
145,123,Post,2023-07-15,True,Entretenimiento
146,976,Post,2022-07-19,False,Opinión
147,922,Post,2024-04-22,True,Entretenimiento
148,533,Post,2023-04-24,False,Noticias
149,1148,Post,2023-10-29,False,Noticias
150,705,Post,2021-07-20,False,Deportes
151,249,Post,2021-07-05,False,Opinión
152,1182,Post,2021-07-21,True,Entretenimiento
153,583,Post,2023-06-30,True,Opinión
154,1379,Post,2021-10-03,False,Opinión
155,916,Post,2022-10-05,False,Entretenimiento
156,781,Post,2020-10-04,True,Entretenimiento
157,950,Post,2022-09-15,False,Entretenimiento
158,344,Post,2020-06-01,True,Noticias
159,864,Post,2024-04-28,False,Entretenimiento
160,147,Post,2022-03-29,False,Entretenimiento
161,704,Post,2020-05-23,True,Entretenimiento
162,649,Post,2022-08-25,False,Deportes
163,1455,Post,2023-06-13,False,Opinión
164,556,Post,2021-02-20,False,Opinión
165,744,Post,2023-10-23,False,Noticias
166,848,Post,2023-11-12,False,Opinión
167,48,Post,2021-10-28,True,Deportes
168,1356,Post,2023-06-23,True,Noticias
169,432,Post,2022-09-25,True,Noticias
170,211,Post,2021-08-14,False,Deportes
171,970,Post,2020-10-08,True,Opinión
172,54,Post,2023-05-01,True,Deportes
173,1074,Post,2024-08-02,False,Deportes
174,213,Post,2022-07-06,True,Noticias
175,173,Post,2024-12-01,True,Noticias
176,634,Post,2022-02-02,False,Entretenimiento
177,582,Post,2021-10-03,True,Entretenimiento
178,269,Post,2022-04-03,True,Deportes
179,59,Post,2024-12-26,True,Deportes
180,667,Post,2024-01-08,False,Noticias
181,957,Post,2020-08-13,False,Deportes
182,1124,Post,2023-10-03,False,Deportes
183,1429,Post,2022-01-10,True,Deportes
184,1211,Post,2021-07-08,True,Opinión
185,1293,Post,2022-03-18,False,Deportes
186,1073,Post,2020-11-06,False,Deportes
187,712,Post,2024-08-10,False,Entretenimiento
188,184,Post,2023-08-04,True,Opinión
189,750,Post,2024-12-11,False,Opinión
190,319,Post,2023-10-05,False,Opinión
191,1,Post,2025-02-18,True,Entretenimiento
192,705,Post,2022-04-28,True,Opinión
193,1096,Post,2021-08-25,False,Entretenimiento
194,978,Post,2021-09-03,False,Noticias
195,882,Post,2024-06-11,True,Entretenimiento
196,1223,Post,2023-04-11,False,Deportes
197,1123,Post,2023-07-07,True,Opinión
198,844,Post,2024-05-27,True,Entretenimiento
199,809,Post,2023-05-09,False,Opinión
200,1465,Post,2021-05-05,True,Entretenimiento
201,775,Post,2021-04-06,False,Entretenimiento
202,163,Post,2022-08-27,False,Noticias
203,1059,Post,2021-01-05,True,Opinión
204,584,Post,2022-12-29,False,Noticias
205,846,Post,2020-09-22,False,Entretenimiento
206,374,Post,2021-10-27,True,Opinión
207,227,Post,2021-10-19,False,Entretenimiento
208,1266,Post,2022-01-06,False,Opinión
209,1435,Post,2025-01-22,False,Noticias
210,385,Post,2020-05-05,False,Opinión
211,312,Post,2022-01-20,True,Noticias
212,381,Post,2024-12-21,True,Opinión
213,578,Post,2023-09-04,True,Entretenimiento
214,1465,Post,2021-07-22,True,Opinión
215,477,Post,2021-06-11,True,Noticias
216,31,Post,2023-03-11,True,Entretenimiento
217,701,Post,2022-06-05,True,Entretenimiento
218,1021,Post,2023-07-02,False,Deportes
219,1428,Post,2022-10-14,False,Entretenimiento
220,677,Post,2022-07-22,True,Noticias
221,115,Post,2021-12-08,True,Deportes
222,147,Post,2022-11-27,False,Entretenimiento
223,372,Post,2023-09-09,False,Opinión
224,782,Post,2021-11-15,False,Noticias
225,250,Post,2024-05-31,True,Opinión
226,789,Post,2021-10-29,True,Deportes
227,507,Post,2020-09-08,False,Opinión
228,408,Post,2025-01-30,True,Noticias
229,1068,Post,2022-06-25,True,Deportes
230,969,Post,2024-11-07,True,Opinión
231,662,Post,2022-12-13,False,Noticias
232,1126,Post,2021-11-21,True,Entretenimiento
233,519,Post,2021-03-09,True,Entretenimiento
234,407,Post,2023-12-29,False,Deportes
235,1366,Post,2023-06-15,True,Opinión
236,484,Post,2021-05-24,True,Deportes
237,665,Post,2024-07-06,False,Entretenimiento
238,566,Post,2024-01-18,True,Entretenimiento
239,811,Post,2020-03-20,True,Opinión
240,19,Post,2023-01-19,True,Entretenimiento
241,1191,Post,2021-01-22,True,Deportes
242,1410,Post,2022-07-17,False,Deportes
243,761,Post,2020-12-11,True,Noticias
244,510,Post,2021-03-16,True,Noticias
245,188,Post,2020-10-30,False,Entretenimiento
246,1281,Post,2021-04-26,False,Deportes
247,729,Post,2023-08-10,True,Noticias
248,1437,Post,2021-03-25,True,Noticias
249,258,Post,2021-09-30,True,Deportes
250,649,Post,2021-03-19,True,Noticias
251,899,Post,2022-04-08,False,Noticias
252,44,Post,2022-07-04,True,Noticias
253,734,Post,2021-05-19,False,Deportes
254,514,Post,2023-12-04,True,Entretenimiento
255,994,Post,2022-06-25,True,Entretenimiento
256,1145,Post,2022-07-12,False,Opinión
257,389,Post,2022-07-01,False,Entretenimiento
258,1114,Post,2022-06-06,True,Entretenimiento
259,1500,Post,2022-07-23,False,Deportes
260,1227,Post,2024-08-24,False,Noticias
261,142,Post,2024-03-30,True,Entretenimiento
262,921,Post,2024-12-17,True,Noticias
263,1110,Post,2021-01-11,False,Entretenimiento
264,2,Post,2020-12-22,False,Entretenimiento
265,380,Post,2021-12-06,False,Noticias
266,1270,Post,2022-03-16,True,Noticias
267,1271,Post,2024-04-25,False,Noticias
268,1477,Post,2023-03-10,False,Noticias
269,389,Post,2021-12-06,False,Opinión
270,1130,Post,2022-09-13,False,Noticias
271,661,Post,2021-12-14,False,Deportes
272,227,Post,2024-11-15,False,Noticias
273,90,Post,2023-12-09,True,Entretenimiento
274,366,Post,2020-12-04,True,Entretenimiento
275,414,Post,2024-09-26,True,Deportes
276,393,Post,2024-08-14,False,Noticias
277,1170,Post,2023-12-01,True,Noticias
278,1348,Post,2023-01-10,False,Entretenimiento
279,101,Post,2020-05-30,False,Deportes
280,1241,Post,2020-12-27,True,Deportes
281,27,Post,2024-06-09,True,Noticias
282,1343,Post,2020-10-20,True,Opinión
283,959,Post,2024-02-16,True,Deportes
284,740,Post,2020-11-27,True,Noticias
285,756,Post,2020-07-27,False,Opinión
286,1264,Post,2024-11-25,True,Noticias
287,145,Post,2021-03-12,True,Noticias
288,160,Post,2022-04-09,False,Entretenimiento
289,1064,Post,2022-10-08,True,Opinión
290,1486,Post,2024-01-31,True,Deportes
291,389,Post,2022-08-16,False,Noticias
292,1168,Post,2021-10-13,True,Noticias
293,1144,Post,2024-08-30,True,Noticias
294,217,Post,2020-09-04,False,Opinión
295,1382,Post,2022-05-06,False,Deportes
296,214,Post,2021-11-04,False,Deportes
297,1127,Post,2020-10-21,True,Deportes
298,1347,Post,2024-05-30,False,Noticias
299,722,Post,2024-10-29,False,Deportes
300,1127,Post,2022-07-26,False,Opinión
301,845,Post,2024-08-17,False,Opinión
302,1487,Post,2024-06-15,False,Deportes
303,1154,Post,2022-08-27,True,Noticias
304,769,Post,2024-05-04,True,Entretenimiento
305,738,Post,2020-08-16,False,Entretenimiento
306,917,Post,2022-01-05,False,Entretenimiento
307,1,Post,2024-12-05,False,Deportes
308,583,Post,2024-11-13,True,Noticias
309,1061,Post,2024-10-31,True,Deportes
310,14,Post,2024-12-14,False,Entretenimiento
311,440,Post,2025-01-09,True,Entretenimiento
312,45,Post,2024-08-05,False,Noticias
313,1134,Post,2022-10-14,False,Entretenimiento
314,194,Post,2020-08-14,True,Opinión
315,729,Post,2024-12-06,False,Entretenimiento
316,543,Post,2024-12-04,True,Opinión
317,478,Post,2021-02-26,True,Deportes
318,189,Post,2023-03-16,False,Entretenimiento
319,1166,Post,2021-05-23,False,Noticias
320,159,Post,2021-06-02,True,Noticias
321,989,Post,2020-02-29,False,Noticias
322,1413,Post,2021-02-22,False,Deportes
323,1220,Post,2022-07-12,True,Noticias
324,77,Post,2024-08-04,False,Entretenimiento
325,161,Post,2024-05-13,False,Opinión
326,685,Post,2024-11-16,True,Deportes
327,854,Post,2020-09-20,False,Entretenimiento
328,465,Post,2022-10-29,True,Entretenimiento
329,1299,Post,2021-07-20,True,Opinión
330,111,Post,2022-11-09,False,Noticias
331,654,Post,2024-10-15,True,Deportes
332,670,Post,2020-12-15,True,Opinión
333,314,Post,2024-07-09,True,Opinión
334,913,Post,2021-01-08,False,Noticias
335,455,Post,2021-02-17,True,Noticias
336,808,Post,2021-03-01,False,Opinión
337,689,Post,2021-05-17,True,Noticias
338,1171,Post,2023-04-08,False,Noticias
339,1123,Post,2020-10-09,True,Entretenimiento
340,175,Post,2023-10-23,False,Entretenimiento
341,1430,Post,2022-04-15,False,Opinión
342,985,Post,2020-06-16,True,Noticias
343,1000,Post,2023-05-23,True,Opinión
344,1150,Post,2023-06-04,True,Opinión
345,497,Post,2024-09-05,True,Entretenimiento
346,881,Post,2023-06-22,False,Noticias
347,231,Post,2022-06-08,True,Deportes
348,868,Post,2021-04-14,False,Opinión
349,391,Post,2022-12-10,False,Noticias
350,1217,Post,2023-08-03,False,Noticias
351,625,Post,2024-07-26,True,Entretenimiento
352,1263,Post,2021-10-21,False,Deportes
353,1277,Post,2020-07-20,False,Opinión
354,92,Post,2022-12-02,False,Deportes
355,409,Post,2024-08-12,True,Deportes
356,320,Post,2021-01-29,False,Deportes
357,231,Post,2024-03-05,True,Entretenimiento
358,498,Post,2023-10-18,True,Entretenimiento
359,590,Post,2023-01-08,True,Entretenimiento
360,1421,Post,2021-04-01,False,Noticias
361,625,Post,2020-07-08,True,Opinión
362,47,Post,2021-02-19,False,Noticias
363,1102,Post,2022-09-25,True,Noticias
364,1120,Post,2022-01-15,True,Deportes
365,1124,Post,2023-04-16,False,Noticias
366,1424,Post,2020-09-08,True,Deportes
367,772,Post,2020-03-22,True,Opinión
368,524,Post,2024-03-01,True,Opinión
369,582,Post,2023-05-18,True,Noticias
370,109,Post,2024-01-05,False,Deportes
371,137,Post,2021-12-25,True,Entretenimiento
372,1358,Post,2021-09-12,False,Opinión
373,221,Post,2022-12-07,False,Deportes
374,1330,Post,2022-06-03,False,Noticias
375,780,Post,2025-01-24,True,Opinión
376,647,Post,2024-02-20,True,Opinión
377,382,Post,2020-12-28,True,Noticias
378,1149,Post,2022-05-30,False,Noticias
379,82,Post,2022-03-02,True,Opinión
380,684,Post,2025-01-12,False,Noticias
381,322,Post,2025-01-23,False,Opinión
382,1402,Post,2024-07-02,False,Noticias
383,1281,Post,2021-02-17,False,Entretenimiento
384,1027,Post,2024-01-26,True,Entretenimiento
385,1282,Post,2020-06-04,True,Opinión
386,61,Post,2023-05-22,False,Entretenimiento
387,462,Post,2020-12-01,False,Entretenimiento
388,805,Post,2022-08-04,False,Opinión
389,180,Post,2020-02-29,True,Opinión
390,1067,Post,2024-01-05,False,Noticias
391,855,Post,2021-04-05,True,Noticias
392,874,Post,2021-03-14,True,Opinión
393,1240,Post,2020-05-05,False,Noticias
394,1111,Post,2022-01-15,False,Noticias
395,1337,Post,2023-10-02,True,Entretenimiento
396,283,Post,2021-01-21,True,Deportes
397,881,Post,2024-07-11,True,Noticias
398,1344,Post,2020-12-01,True,Noticias
399,651,Post,2024-02-04,True,Opinión
400,378,Post,2020-07-23,True,Entretenimiento
401,1490,Post,2021-09-12,True,Entretenimiento
402,848,Post,2021-11-09,False,Opinión
403,622,Post,2024-03-11,False,Opinión
404,312,Post,2020-05-13,False,Deportes
405,219,Post,2020-04-27,True,Noticias
406,54,Post,2020-03-06,True,Opinión
407,1241,Post,2024-05-18,False,Entretenimiento
408,1222,Post,2021-01-08,True,Deportes
409,1408,Post,2021-12-12,True,Deportes
410,163,Post,2021-05-04,False,Opinión
411,275,Post,2023-08-25,False,Opinión
412,1459,Post,2024-10-17,False,Opinión
413,377,Post,2023-12-20,False,Noticias
414,1007,Post,2022-08-14,False,Deportes
415,336,Post,2022-02-19,True,Noticias
416,67,Post,2021-10-04,True,Opinión
417,553,Post,2021-07-23,True,Opinión
418,456,Post,2021-02-26,False,Opinión
419,419,Post,2024-11-09,True,Noticias
420,900,Post,2022-07-24,True,Entretenimiento
421,1409,Post,2023-03-06,False,Entretenimiento
422,506,Post,2023-11-11,False,Entretenimiento
423,86,Post,2020-05-04,False,Noticias
424,1475,Post,2021-11-22,False,Opinión
425,1253,Post,2020-05-04,False,Entretenimiento
426,1067,Post,2021-10-18,True,Opinión
427,936,Post,2024-07-16,False,Deportes
428,504,Post,2020-03-05,True,Deportes
429,81,Post,2023-05-10,False,Noticias
430,1058,Post,2024-06-18,False,Entretenimiento
431,389,Post,2021-09-09,True,Noticias
432,816,Post,2020-07-13,False,Opinión
433,586,Post,2022-04-08,False,Noticias
434,866,Post,2021-04-23,True,Deportes
435,1414,Post,2024-11-20,True,Deportes
436,950,Post,2025-01-04,True,Entretenimiento
437,186,Post,2023-05-25,False,Deportes
438,369,Post,2023-02-08,True,Opinión
439,806,Post,2023-12-31,True,Noticias
440,924,Post,2020-12-08,False,Noticias
441,930,Post,2021-01-27,True,Noticias
442,932,Post,2022-06-23,True,Opinión
443,664,Post,2024-03-23,False,Deportes
444,1472,Post,2022-05-28,True,Entretenimiento
445,187,Post,2022-04-26,True,Entretenimiento
446,1299,Post,2023-12-17,False,Deportes
447,1073,Post,2023-07-16,True,Deportes
448,1489,Post,2023-05-20,False,Deportes
449,776,Post,2022-04-03,True,Noticias
450,90,Post,2022-12-01,False,Opinión
451,687,Post,2023-07-11,True,Entretenimiento
452,333,Post,2024-09-04,True,Opinión
453,367,Post,2022-11-17,True,Opinión
454,860,Post,2025-01-29,True,Opinión
455,1496,Post,2021-01-16,False,Opinión
456,592,Post,2022-04-20,False,Entretenimiento
457,241,Post,2021-01-11,True,Entretenimiento
458,416,Post,2024-12-21,True,Opinión
459,26,Post,2021-02-23,False,Noticias
460,1022,Post,2023-05-19,False,Entretenimiento
461,1246,Post,2023-06-09,True,Deportes
462,488,Post,2022-02-25,False,Noticias
463,930,Post,2023-08-18,False,Entretenimiento
464,163,Post,2023-05-19,False,Opinión
465,502,Post,2023-04-23,True,Deportes
466,1270,Post,2023-07-19,False,Opinión
467,101,Post,2024-12-24,True,Noticias
468,113,Post,2020-10-08,True,Entretenimiento
469,76,Post,2020-11-22,False,Noticias
470,1367,Post,2021-09-28,True,Opinión
471,679,Post,2023-01-03,False,Entretenimiento
472,101,Post,2024-11-04,True,Entretenimiento
473,366,Post,2024-03-19,False,Noticias
474,1252,Post,2024-11-10,False,Entretenimiento
475,933,Post,2024-05-18,True,Noticias
476,74,Post,2023-01-24,False,Deportes
477,662,Post,2022-07-14,False,Noticias
478,139,Post,2022-05-19,False,Noticias
479,1128,Post,2024-12-08,False,Noticias
480,965,Post,2021-01-30,False,Opinión
481,1423,Post,2023-11-25,True,Entretenimiento
482,675,Post,2020-04-11,False,Opinión
483,1075,Post,2022-10-23,False,Entretenimiento
484,1254,Post,2024-03-03,True,Deportes
485,1171,Post,2022-10-18,True,Noticias
486,991,Post,2022-09-05,True,Deportes
487,875,Post,2021-06-10,False,Opinión
488,532,Post,2024-10-05,False,Opinión
489,266,Post,2020-08-08,False,Opinión
490,1065,Post,2020-03-27,False,Deportes
491,1009,Post,2024-02-02,False,Deportes
492,1249,Post,2023-04-23,True,Opinión
493,397,Post,2021-09-14,False,Entretenimiento
494,50,Post,2023-01-08,True,Noticias
495,425,Post,2023-01-16,True,Opinión
496,848,Post,2021-04-02,False,Deportes
497,717,Post,2022-08-08,False,Deportes
498,24,Post,2022-07-28,True,Opinión
499,1414,Post,2021-08-20,True,Deportes
500,139,Post,2020-04-25,False,Deportes
501,1038,Post,2024-05-31,False,Noticias
502,13,Post,2022-01-25,False,Entretenimiento
503,700,Post,2022-01-03,False,Entretenimiento
504,360,Post,2021-01-19,True,Entretenimiento
505,693,Post,2020-06-04,False,Noticias
506,972,Post,2020-11-26,False,Entretenimiento
507,1323,Post,2024-12-08,True,Opinión
508,319,Post,2021-09-04,False,Noticias
509,1100,Post,2024-02-04,False,Noticias
510,948,Post,2022-01-27,False,Opinión
511,115,Post,2020-03-10,False,Entretenimiento
512,1158,Post,2024-02-05,False,Entretenimiento
513,1138,Post,2020-09-21,False,Deportes
514,427,Post,2024-03-17,True,Entretenimiento
515,725,Post,2021-06-23,False,Opinión
516,575,Post,2024-08-13,True,Noticias
517,695,Post,2020-04-06,True,Deportes
518,1170,Post,2023-11-20,True,Entretenimiento
519,384,Post,2023-07-09,False,Opinión
520,632,Post,2023-07-16,True,Noticias
521,1454,Post,2020-07-01,False,Deportes
522,848,Post,2022-07-02,False,Deportes
523,487,Post,2023-09-22,False,Noticias
524,620,Post,2023-07-04,False,Opinión
525,359,Post,2022-04-27,False,Deportes
526,77,Post,2020-03-23,False,Noticias
527,190,Post,2021-05-27,True,Noticias
528,989,Post,2024-07-13,True,Opinión
529,390,Post,2020-11-14,True,Opinión
530,1073,Post,2023-04-03,False,Deportes
531,294,Post,2022-06-04,False,Entretenimiento
532,1058,Post,2022-06-08,True,Noticias
533,421,Post,2020-09-10,True,Noticias
534,941,Post,2022-10-04,True,Deportes
535,9,Post,2024-01-04,True,Opinión
536,1408,Post,2022-05-28,True,Entretenimiento
537,683,Post,2024-01-18,True,Entretenimiento
538,212,Post,2023-03-08,True,Opinión
539,47,Post,2023-03-29,False,Noticias
540,1309,Post,2021-02-09,False,Entretenimiento
541,658,Post,2021-04-11,True,Opinión
542,587,Post,2024-09-20,True,Noticias
543,904,Post,2021-06-12,False,Opinión
544,559,Post,2021-03-15,True,Noticias
545,561,Post,2023-02-04,True,Deportes
546,1276,Post,2021-03-29,True,Entretenimiento
547,424,Post,2021-10-08,True,Deportes
548,1126,Post,2023-02-17,False,Noticias
549,290,Post,2024-05-21,False,Opinión
550,1176,Post,2023-07-11,False,Deportes
551,146,Post,2021-09-16,True,Entretenimiento
552,1108,Post,2022-05-08,False,Opinión
553,267,Post,2024-06-23,True,Opinión
554,1384,Post,2024-12-19,False,Entretenimiento
555,786,Post,2023-05-12,True,Noticias
556,874,Post,2024-03-23,True,Noticias
557,1444,Post,2022-11-01,True,Noticias
558,1263,Post,2023-06-07,False,Opinión
559,681,Post,2020-09-09,False,Deportes
560,1461,Post,2022-06-06,True,Noticias
561,954,Post,2020-12-05,True,Entretenimiento
562,191,Post,2020-04-12,True,Entretenimiento
563,200,Post,2021-11-13,False,Deportes
564,1402,Post,2022-02-13,False,Entretenimiento
565,964,Post,2023-01-14,False,Opinión
566,295,Post,2020-12-06,True,Noticias
567,745,Post,2024-04-15,False,Entretenimiento
568,1433,Post,2022-10-04,True,Opinión
569,666,Post,2021-11-12,False,Entretenimiento
570,62,Post,2023-06-09,False,Entretenimiento
571,232,Post,2022-01-18,False,Opinión
572,945,Post,2022-09-14,False,Deportes
573,579,Post,2022-07-20,True,Noticias
574,1238,Post,2022-10-01,False,Noticias
575,1041,Post,2020-04-19,True,Entretenimiento
576,1463,Post,2024-09-08,False,Entretenimiento
577,668,Post,2024-03-23,True,Deportes
578,619,Post,2020-06-20,True,Deportes
579,821,Post,2020-05-21,False,Opinión
580,489,Post,2023-07-02,False,Opinión
581,1123,Post,2025-01-12,True,Deportes
582,787,Post,2021-09-18,False,Opinión
583,427,Post,2023-08-12,False,Entretenimiento
584,892,Post,2023-07-11,False,Entretenimiento
585,1116,Post,2020-11-30,False,Deportes
586,355,Post,2021-07-13,True,Noticias
587,1458,Post,2021-04-24,True,Deportes
588,235,Post,2022-01-07,False,Opinión
589,667,Post,2020-03-30,False,Noticias
590,912,Post,2021-08-16,True,Deportes
591,832,Post,2021-04-10,False,Deportes
592,1404,Post,2020-04-16,True,Entretenimiento
593,671,Post,2023-09-02,False,Noticias
594,186,Post,2023-09-04,True,Entretenimiento
595,1190,Post,2022-02-01,True,Opinión
596,301,Post,2023-01-27,True,Noticias
597,928,Post,2020-10-20,True,Entretenimiento
598,799,Post,2024-11-08,False,Entretenimiento
599,401,Post,2022-01-26,False,Opinión
600,614,Post,2023-06-14,False,Noticias
601,891,Post,2022-05-15,False,Deportes
602,183,Post,2024-06-04,False,Entretenimiento
603,1253,Post,2022-10-26,True,Noticias
604,262,Post,2022-11-05,False,Deportes
605,128,Post,2020-11-12,False,Opinión
606,2,Post,2020-10-04,True,Entretenimiento
607,225,Post,2024-02-04,False,Noticias
608,64,Post,2020-10-19,False,Deportes
609,1439,Post,2020-07-10,False,Noticias
610,1281,Post,2021-08-16,False,Noticias
611,832,Post,2023-11-09,False,Deportes
612,1117,Post,2020-02-28,False,Entretenimiento
613,973,Post,2024-03-28,True,Noticias
614,1138,Post,2021-02-28,True,Deportes
615,855,Post,2022-04-21,False,Opinión
616,1373,Post,2023-08-11,False,Opinión
617,24,Post,2021-08-01,True,Deportes
618,295,Post,2021-10-03,True,Opinión
619,1348,Post,2020-03-02,False,Entretenimiento
620,174,Post,2023-10-30,True,Noticias
621,934,Post,2024-06-02,False,Noticias
622,1277,Post,2023-07-30,False,Noticias
623,1044,Post,2024-06-15,False,Opinión
624,788,Post,2021-09-28,False,Opinión
625,381,Post,2020-07-09,True,Noticias
626,1184,Post,2021-03-27,True,Deportes
627,1459,Post,2023-02-17,True,Opinión
628,842,Post,2025-01-15,False,Entretenimiento
629,69,Post,2022-01-20,False,Noticias
630,1444,Post,2022-09-29,False,Entretenimiento
631,1189,Post,2024-01-16,True,Deportes
632,291,Post,2024-06-10,True,Opinión
633,953,Post,2021-01-22,False,Deportes
634,1072,Post,2021-08-09,True,Deportes
635,503,Post,2020-09-03,True,Deportes
636,1401,Post,2020-02-27,True,Opinión
637,1256,Post,2021-01-20,False,Noticias
638,1096,Post,2023-03-07,False,Noticias
639,961,Post,2024-10-03,True,Noticias
640,1176,Post,2020-06-13,False,Noticias
641,863,Post,2022-09-01,False,Noticias
642,593,Post,2023-07-25,False,Deportes
643,1424,Post,2023-10-09,True,Opinión
644,1489,Post,2020-05-27,False,Opinión
645,126,Post,2020-12-21,False,Noticias
646,1185,Post,2020-08-19,False,Entretenimiento
647,1345,Post,2024-03-03,True,Noticias
648,588,Post,2023-02-06,True,Entretenimiento
649,260,Post,2023-04-15,True,Noticias
650,570,Post,2023-03-09,True,Deportes
651,1262,Post,2021-03-01,True,Opinión
652,527,Post,2020-05-30,False,Entretenimiento
653,1237,Post,2021-09-14,True,Deportes
654,1350,Post,2024-11-14,True,Noticias
655,360,Post,2024-07-04,False,Deportes
656,994,Post,2023-05-26,True,Noticias
657,703,Post,2022-05-04,True,Deportes
658,1220,Post,2024-11-12,True,Deportes
659,1016,Post,2024-08-05,True,Entretenimiento
660,785,Post,2024-01-18,False,Entretenimiento
661,1487,Post,2021-09-04,False,Entretenimiento
662,432,Post,2020-10-12,True,Noticias
663,112,Post,2022-12-11,False,Deportes
664,238,Post,2021-09-14,False,Entretenimiento
665,951,Post,2024-05-02,True,Deportes
666,618,Post,2021-01-18,False,Deportes
667,778,Post,2024-06-11,True,Noticias
668,972,Post,2025-02-14,False,Entretenimiento
669,1087,Post,2022-11-01,True,Deportes
670,25,Post,2022-12-10,False,Deportes
671,783,Post,2024-09-01,False,Noticias
672,1086,Post,2020-03-19,False,Noticias
673,200,Post,2024-12-26,True,Noticias
674,885,Post,2024-06-22,False,Opinión
675,687,Post,2022-04-10,False,Entretenimiento
676,202,Post,2024-01-30,False,Deportes
677,945,Post,2024-12-01,False,Deportes
678,1377,Post,2021-02-20,True,Noticias
679,1065,Post,2020-03-08,True,Noticias
680,642,Post,2024-09-22,True,Opinión
681,1378,Post,2022-06-16,True,Opinión
682,25,Post,2021-11-25,True,Noticias
683,1076,Post,2021-02-10,True,Noticias
684,720,Post,2022-05-19,False,Deportes
685,516,Post,2023-03-08,False,Noticias
686,49,Post,2023-04-24,True,Entretenimiento
687,117,Post,2024-10-12,True,Entretenimiento
688,1228,Post,2022-09-10,True,Deportes
689,1451,Post,2024-09-09,True,Deportes
690,177,Post,2020-06-14,True,Deportes
691,770,Post,2025-01-04,True,Noticias
692,228,Post,2024-12-10,True,Entretenimiento
693,519,Post,2023-12-29,True,Deportes
694,1353,Post,2024-05-14,False,Deportes
695,1309,Post,2021-02-07,True,Opinión
696,875,Post,2022-08-24,False,Opinión
697,528,Post,2020-11-07,False,Deportes
698,568,Post,2024-03-10,True,Entretenimiento
699,784,Post,2023-08-19,True,Noticias
700,124,Post,2023-02-01,False,Opinión
701,365,Post,2021-08-09,False,Opinión
702,1008,Post,2023-09-26,True,Entretenimiento
703,1250,Post,2024-07-02,True,Opinión
704,1322,Post,2021-04-06,True,Entretenimiento
705,295,Post,2021-11-13,True,Entretenimiento
706,448,Post,2021-06-30,False,Noticias
707,905,Post,2020-09-17,True,Noticias
708,212,Post,2022-01-02,False,Entretenimiento
709,145,Post,2023-08-02,True,Entretenimiento
710,914,Post,2020-12-08,False,Entretenimiento
711,305,Post,2025-01-23,False,Opinión
712,78,Post,2024-03-27,True,Noticias
713,546,Post,2020-12-22,False,Entretenimiento
714,802,Post,2024-06-01,False,Opinión
715,1056,Post,2020-04-03,True,Noticias
716,980,Post,2025-01-15,False,Entretenimiento
717,1491,Post,2024-09-26,False,Opinión
718,1107,Post,2020-02-29,True,Noticias
719,788,Post,2021-04-23,True,Deportes
720,249,Post,2020-12-16,False,Deportes
721,683,Post,2021-02-15,False,Entretenimiento
722,821,Post,2021-03-29,False,Noticias
723,749,Post,2020-05-27,True,Entretenimiento
724,165,Post,2022-05-09,False,Noticias
725,594,Post,2023-05-30,False,Opinión
726,362,Post,2021-11-23,True,Deportes
727,787,Post,2021-01-06,True,Entretenimiento
728,613,Post,2023-06-13,True,Noticias
729,219,Post,2024-10-17,False,Opinión
730,997,Post,2021-01-29,False,Noticias
731,389,Post,2024-10-23,False,Deportes
732,396,Post,2021-07-18,True,Deportes
733,1002,Post,2024-05-06,True,Opinión
734,1108,Post,2025-02-21,True,Opinión
735,1024,Post,2023-08-07,False,Opinión
736,34,Post,2022-07-11,False,Deportes
737,115,Post,2024-08-23,False,Opinión
738,831,Post,2021-01-17,True,Noticias
739,1340,Post,2024-05-17,True,Noticias
740,1389,Post,2023-06-15,False,Noticias
741,1187,Post,2020-12-28,True,Opinión
742,76,Post,2020-05-06,True,Entretenimiento
743,1002,Post,2021-01-19,True,Entretenimiento
744,966,Post,2022-04-16,True,Deportes
745,498,Post,2024-10-27,True,Opinión
746,30,Post,2023-07-08,True,Noticias
747,630,Post,2024-01-12,True,Entretenimiento
748,935,Post,2023-04-04,True,Entretenimiento
749,1211,Post,2024-03-28,True,Noticias
750,234,Post,2021-06-26,True,Entretenimiento
751,130,Post,2022-01-10,True,Opinión
752,873,Post,2022-11-04,True,Noticias
753,665,Post,2022-08-17,False,Opinión
754,659,Post,2022-07-02,True,Deportes
755,94,Post,2021-02-05,True,Opinión
756,688,Post,2024-12-09,True,Opinión
757,561,Post,2022-08-23,True,Noticias
758,345,Post,2024-05-28,False,Noticias
759,1134,Post,2022-02-04,False,Deportes
760,499,Post,2023-07-05,False,Opinión
761,274,Post,2021-05-17,True,Deportes
762,324,Post,2023-10-27,False,Noticias
763,166,Post,2023-04-22,False,Deportes
764,368,Post,2022-12-09,True,Deportes
765,1448,Post,2022-04-27,True,Noticias
766,853,Post,2021-12-09,False,Opinión
767,1418,Post,2023-04-23,False,Entretenimiento
768,294,Post,2022-02-17,True,Opinión
769,1072,Post,2021-09-04,False,Noticias
770,490,Post,2022-06-01,False,Entretenimiento
771,1251,Post,2020-04-26,True,Entretenimiento
772,1222,Post,2022-08-18,True,Noticias
773,1254,Post,2024-11-15,False,Entretenimiento
774,1285,Post,2021-06-25,True,Deportes
775,713,Post,2024-05-07,False,Opinión
776,1143,Post,2024-12-10,True,Noticias
777,241,Post,2024-04-25,True,Deportes
778,1268,Post,2024-05-13,True,Opinión
779,951,Post,2021-07-25,True,Deportes
780,567,Post,2025-01-08,True,Entretenimiento
781,231,Post,2021-07-31,True,Entretenimiento
782,1404,Post,2022-01-28,True,Noticias
783,1019,Post,2021-10-19,False,Noticias
784,1373,Post,2024-09-24,True,Opinión
785,111,Post,2023-06-30,True,Deportes
786,584,Post,2023-04-25,False,Deportes
787,515,Post,2020-12-25,False,Opinión
788,89,Post,2023-07-18,False,Opinión
789,1101,Post,2021-07-01,True,Deportes
790,60,Post,2021-05-04,True,Deportes
791,146,Post,2024-01-28,True,Entretenimiento
792,1478,Post,2024-06-02,True,Noticias
793,859,Post,2020-07-03,False,Deportes
794,472,Post,2020-08-21,False,Entretenimiento
795,668,Post,2023-03-18,True,Deportes
796,486,Post,2021-03-21,True,Noticias
797,410,Post,2021-01-21,False,Noticias
798,151,Post,2020-04-05,True,Opinión
799,112,Post,2020-04-01,False,Opinión
800,297,Post,2023-07-18,False,Entretenimiento
801,365,Post,2021-10-21,False,Deportes
802,280,Post,2022-01-08,False,Noticias
803,1295,Post,2020-03-14,True,Opinión
804,415,Post,2022-07-17,False,Entretenimiento
805,66,Post,2020-04-11,True,Opinión
806,575,Post,2022-05-10,True,Entretenimiento
807,954,Post,2021-10-28,True,Entretenimiento
808,351,Post,2022-08-22,False,Opinión
809,451,Post,2023-11-28,False,Entretenimiento
810,1237,Post,2021-09-15,False,Noticias
811,1184,Post,2024-05-16,True,Deportes
812,178,Post,2020-03-30,True,Deportes
813,444,Post,2022-07-17,False,Noticias
814,948,Post,2024-04-01,False,Deportes
815,1496,Post,2024-09-09,True,Deportes
816,508,Post,2022-08-26,True,Deportes
817,1187,Post,2023-12-29,False,Deportes
818,1175,Post,2020-09-21,True,Opinión
819,856,Post,2021-07-28,True,Deportes
820,964,Post,2020-06-18,True,Noticias
821,872,Post,2021-12-12,True,Entretenimiento
822,982,Post,2021-09-17,False,Opinión
823,927,Post,2022-12-15,True,Noticias
824,171,Post,2022-10-31,True,Entretenimiento
825,1420,Post,2020-10-24,True,Deportes
826,447,Post,2024-03-10,False,Opinión
827,606,Post,2021-07-06,False,Entretenimiento
828,33,Post,2022-10-09,True,Deportes
829,332,Post,2020-04-25,False,Deportes
830,1169,Post,2023-01-17,False,Deportes
831,932,Post,2021-05-26,True,Entretenimiento
832,1441,Post,2023-05-12,True,Noticias
833,759,Post,2022-04-20,True,Entretenimiento
834,1442,Post,2020-07-07,False,Entretenimiento
835,1285,Post,2023-09-06,True,Deportes
836,1415,Post,2021-09-19,False,Opinión
837,608,Post,2023-08-10,True,Opinión
838,1430,Post,2022-05-27,False,Entretenimiento
839,1403,Post,2020-03-15,True,Entretenimiento
840,113,Post,2023-05-02,False,Noticias
841,106,Post,2022-06-02,False,Noticias
842,749,Post,2022-10-10,False,Noticias
843,749,Post,2023-11-22,True,Opinión
844,1328,Post,2024-12-31,True,Noticias
845,1149,Post,2024-08-26,True,Opinión
846,284,Post,2021-09-25,True,Noticias
847,1106,Post,2021-06-19,True,Entretenimiento
848,1189,Post,2023-11-04,False,Opinión
849,462,Post,2022-04-03,True,Entretenimiento
850,548,Post,2020-03-27,False,Opinión
851,568,Post,2023-07-19,False,Noticias
852,764,Post,2020-06-09,True,Deportes
853,996,Post,2024-10-10,False,Entretenimiento
854,963,Post,2021-06-10,True,Noticias
855,926,Post,2023-10-18,False,Noticias
856,1379,Post,2023-04-20,False,Entretenimiento
857,386,Post,2024-03-28,True,Entretenimiento
858,179,Post,2022-10-07,False,Deportes
859,367,Post,2021-08-05,False,Opinión
860,224,Post,2021-09-05,True,Noticias
861,230,Post,2021-11-03,False,Entretenimiento
862,1017,Post,2023-10-27,True,Deportes
863,1067,Post,2020-03-12,True,Entretenimiento
864,601,Post,2021-07-27,True,Opinión
865,971,Post,2020-12-18,True,Opinión
866,910,Post,2024-03-04,False,Deportes
867,598,Post,2022-10-21,True,Noticias
868,46,Post,2020-11-05,True,Opinión
869,1065,Post,2020-05-01,True,Deportes
870,844,Post,2022-03-02,False,Noticias
871,1343,Post,2023-10-30,False,Deportes
872,996,Post,2022-07-21,False,Entretenimiento
873,938,Post,2023-01-12,False,Noticias
874,628,Post,2024-02-26,True,Noticias
875,465,Post,2020-08-20,False,Deportes
876,591,Post,2022-06-21,False,Deportes
877,304,Post,2020-04-08,True,Noticias
878,934,Post,2020-03-15,False,Opinión
879,1267,Post,2020-03-22,True,Opinión
880,1458,Post,2025-02-21,True,Noticias
881,374,Post,2021-04-21,False,Deportes
882,1451,Post,2024-02-17,True,Deportes
883,331,Post,2022-08-31,True,Opinión
884,85,Post,2022-01-25,True,Opinión
885,903,Post,2023-08-10,True,Opinión
886,378,Post,2020-04-03,False,Deportes
887,1364,Post,2021-06-19,True,Noticias
888,303,Post,2022-02-10,False,Deportes
889,1106,Post,2021-09-04,False,Opinión
890,1093,Post,2021-12-21,True,Opinión
891,52,Post,2025-01-09,True,Entretenimiento
892,298,Post,2023-08-06,False,Opinión
893,656,Post,2020-07-27,False,Noticias
894,1119,Post,2021-01-02,True,Entretenimiento
895,1326,Post,2023-08-06,False,Noticias
896,971,Post,2023-05-09,False,Opinión
897,1175,Post,2020-05-03,False,Deportes
898,1158,Post,2021-06-04,True,Opinión
899,694,Post,2020-09-28,False,Deportes
900,1499,Post,2021-09-20,True,Noticias
901,286,Post,2023-07-17,True,Noticias
902,631,Post,2024-06-08,True,Noticias
903,1265,Post,2020-04-23,False,Opinión
904,914,Post,2022-03-28,True,Opinión
905,669,Post,2023-12-18,True,Deportes
906,1195,Post,2025-01-14,True,Deportes
907,570,Post,2021-12-01,True,Noticias
908,172,Post,2023-05-24,True,Entretenimiento
909,1387,Post,2021-01-15,False,Opinión
910,1049,Post,2021-07-17,True,Noticias
911,1005,Post,2021-07-12,True,Opinión
912,1366,Post,2024-10-18,True,Entretenimiento
913,303,Post,2022-10-03,False,Entretenimiento
914,758,Post,2023-06-11,False,Entretenimiento
915,25,Post,2020-08-01,False,Noticias
916,720,Post,2024-05-26,False,Deportes
917,1149,Post,2023-01-09,False,Opinión
918,1491,Post,2022-05-13,True,Opinión
919,852,Post,2021-11-13,False,Opinión
920,592,Post,2020-09-10,False,Deportes
921,1493,Post,2022-12-25,False,Noticias
922,286,Post,2020-09-27,False,Noticias
923,295,Post,2025-01-19,True,Entretenimiento
924,973,Post,2023-05-14,False,Deportes
925,136,Post,2020-07-15,False,Entretenimiento
926,182,Post,2020-07-12,False,Entretenimiento
927,1309,Post,2024-02-21,False,Noticias
928,849,Post,2023-03-28,False,Noticias
929,1455,Post,2022-11-16,False,Noticias
930,409,Post,2024-10-26,True,Noticias
931,593,Post,2023-06-02,False,Noticias
932,87,Post,2024-05-30,False,Deportes
933,1199,Post,2020-05-08,False,Deportes
934,1146,Post,2024-02-29,False,Noticias
935,460,Post,2023-12-14,False,Noticias
936,316,Post,2021-12-09,True,Noticias
937,1312,Post,2024-10-30,False,Opinión
938,255,Post,2020-10-29,False,Noticias
939,855,Post,2022-12-28,False,Entretenimiento
940,1409,Post,2020-12-27,False,Deportes
941,59,Post,2022-01-07,True,Noticias
942,1010,Post,2020-07-18,False,Entretenimiento
943,1227,Post,2021-10-11,True,Opinión
944,1191,Post,2022-12-15,False,Entretenimiento
945,529,Post,2022-01-17,False,Noticias
946,1422,Post,2021-01-09,False,Noticias
947,765,Post,2022-11-29,True,Noticias
948,532,Post,2022-06-04,True,Entretenimiento
949,300,Post,2023-10-15,True,Entretenimiento
950,1420,Post,2023-03-05,False,Noticias
951,335,Post,2024-12-16,False,Opinión
952,740,Post,2022-09-15,False,Opinión
953,100,Post,2023-11-01,False,Entretenimiento
954,1085,Post,2025-01-08,False,Deportes
955,1053,Post,2021-07-11,True,Noticias
956,194,Post,2022-09-14,True,Noticias
957,1114,Post,2021-03-31,True,Deportes
958,1403,Post,2020-05-27,False,Noticias
959,556,Post,2021-05-04,False,Entretenimiento
960,197,Post,2022-06-09,False,Entretenimiento
961,295,Post,2022-12-09,False,Opinión
962,1062,Post,2023-02-18,True,Noticias
963,994,Post,2023-05-11,False,Deportes
964,334,Post,2023-03-10,False,Opinión
965,317,Post,2020-07-14,True,Deportes
966,386,Post,2022-12-31,True,Deportes
967,855,Post,2021-09-09,True,Noticias
968,239,Post,2022-08-22,True,Deportes
969,36,Post,2022-11-23,True,Deportes
970,639,Post,2024-09-17,False,Opinión
971,285,Post,2024-10-26,False,Noticias
972,1224,Post,2021-04-01,False,Noticias
973,353,Post,2020-10-07,False,Deportes
974,59,Post,2023-01-02,False,Deportes
975,456,Post,2021-06-16,True,Deportes
976,1410,Post,2021-05-11,True,Opinión
977,257,Post,2021-03-31,False,Deportes
978,161,Post,2021-08-26,True,Noticias
979,160,Post,2020-10-17,True,Entretenimiento
980,884,Post,2021-09-12,False,Opinión
981,221,Post,2022-09-10,True,Deportes
982,961,Post,2025-02-11,True,Entretenimiento
983,89,Post,2024-03-02,False,Entretenimiento
984,1368,Post,2024-12-09,False,Opinión
985,254,Post,2024-07-01,True,Deportes
986,1204,Post,2022-04-10,True,Entretenimiento
987,379,Post,2024-12-04,True,Deportes
988,60,Post,2021-06-08,False,Deportes
989,569,Post,2022-01-23,True,Opinión
990,722,Post,2024-09-24,False,Deportes
991,1035,Post,2020-10-22,True,Noticias
992,203,Post,2021-12-03,True,Deportes
993,1084,Post,2021-05-05,True,Opinión
994,578,Post,2021-09-19,True,Noticias
995,1486,Post,2021-10-12,True,Entretenimiento
996,1033,Post,2023-09-03,True,Noticias
997,751,Post,2021-02-04,False,Deportes
998,901,Post,2022-04-03,True,Entretenimiento
999,371,Post,2022-06-25,True,Opinión
1000,778,Post,2024-10-13,False,Noticias
1001,1054,Post,2020-07-22,True,Opinión
1002,232,Post,2024-10-13,False,Opinión
1003,254,Post,2021-11-10,False,Entretenimiento
1004,1065,Post,2024-03-21,True,Noticias
1005,740,Post,2021-11-18,False,Noticias
1006,1142,Post,2024-02-06,False,Opinión
1007,169,Post,2024-09-09,True,Deportes
1008,237,Post,2022-08-29,False,Deportes
1009,936,Post,2022-08-03,False,Deportes
1010,1408,Post,2020-08-03,False,Noticias
1011,463,Post,2022-10-22,False,Noticias
1012,596,Post,2025-02-12,False,Opinión
1013,387,Post,2023-01-19,False,Entretenimiento
1014,975,Post,2021-06-24,True,Entretenimiento
1015,368,Post,2022-06-27,False,Noticias
1016,1377,Post,2020-06-30,False,Opinión
1017,898,Post,2021-04-22,False,Entretenimiento
1018,245,Post,2022-07-27,True,Deportes
1019,821,Post,2022-09-06,False,Noticias
1020,346,Post,2022-02-03,True,Noticias
1021,408,Post,2023-12-03,False,Deportes
1022,1219,Post,2023-03-18,True,Deportes
1023,252,Post,2022-12-15,False,Opinión
1024,1486,Post,2024-11-17,False,Noticias
1025,1462,Post,2023-01-30,False,Deportes
1026,1319,Post,2023-12-08,False,Opinión
1027,730,Post,2024-05-06,False,Deportes
1028,993,Post,2020-07-26,False,Deportes
1029,302,Post,2022-02-20,False,Opinión
1030,222,Post,2024-11-05,False,Opinión
1031,1003,Post,2021-07-09,False,Noticias
1032,1287,Post,2021-08-19,True,Noticias
1033,61,Post,2023-07-17,True,Noticias
1034,140,Post,2022-03-10,True,Noticias
1035,367,Post,2024-09-22,True,Entretenimiento
1036,313,Post,2020-12-03,False,Entretenimiento
1037,157,Post,2022-03-14,True,Deportes
1038,955,Post,2024-05-28,False,Entretenimiento
1039,1356,Post,2025-02-16,False,Noticias
1040,1034,Post,2020-11-15,False,Opinión
1041,1108,Post,2023-04-15,False,Noticias
1042,65,Post,2021-12-31,True,Noticias
1043,786,Post,2022-07-30,True,Opinión
1044,771,Post,2021-01-15,False,Noticias
1045,74,Post,2024-02-28,False,Deportes
1046,1141,Post,2021-06-24,True,Opinión
1047,1447,Post,2024-03-20,False,Noticias
1048,883,Post,2024-05-22,False,Noticias
1049,1466,Post,2023-01-06,False,Deportes
1050,225,Post,2024-06-04,False,Opinión
1051,1352,Post,2023-01-25,False,Entretenimiento
1052,975,Post,2021-09-19,False,Noticias
1053,1038,Post,2022-04-09,True,Noticias
1054,540,Post,2025-01-25,False,Noticias
1055,1264,Post,2022-12-07,False,Entretenimiento
1056,583,Post,2022-02-13,False,Noticias
1057,58,Post,2023-04-24,True,Opinión
1058,263,Post,2020-03-16,True,Deportes
1059,715,Post,2024-01-21,False,Opinión
1060,1281,Post,2021-05-18,True,Entretenimiento
1061,200,Post,2024-04-21,False,Deportes
1062,732,Post,2021-04-30,False,Deportes
1063,116,Post,2021-03-25,False,Opinión
1064,508,Post,2024-06-26,True,Deportes
1065,1214,Post,2023-01-03,False,Noticias
1066,625,Post,2020-08-05,True,Entretenimiento
1067,348,Post,2020-07-30,False,Entretenimiento
1068,77,Post,2020-08-30,False,Opinión
1069,1164,Post,2023-08-09,False,Deportes
1070,547,Post,2022-11-15,False,Noticias
1071,1205,Post,2023-12-27,False,Opinión
1072,774,Post,2023-11-11,False,Deportes
1073,661,Post,2025-01-04,False,Opinión
1074,1001,Post,2024-09-18,True,Entretenimiento
1075,689,Post,2022-04-03,True,Entretenimiento
1076,342,Post,2024-04-02,False,Opinión
1077,745,Post,2021-11-15,False,Entretenimiento
1078,414,Post,2023-06-03,False,Opinión
1079,1098,Post,2023-10-12,True,Entretenimiento
1080,544,Post,2024-03-02,False,Opinión
1081,1175,Post,2024-04-08,False,Opinión
1082,1280,Post,2020-09-04,True,Noticias
1083,1470,Post,2021-10-19,True,Entretenimiento
1084,1213,Post,2024-02-24,True,Deportes
1085,138,Post,2024-03-10,False,Deportes
1086,875,Post,2023-05-14,False,Opinión
1087,158,Post,2023-04-03,False,Opinión
1088,1034,Post,2020-04-07,False,Deportes
1089,887,Post,2020-12-20,False,Opinión
1090,410,Post,2023-07-26,False,Opinión
1091,515,Post,2024-06-21,False,Noticias
1092,1376,Post,2023-09-01,False,Deportes
1093,39,Post,2023-10-03,True,Noticias
1094,1182,Post,2020-03-05,True,Opinión
1095,1354,Post,2020-07-29,True,Entretenimiento
1096,549,Post,2021-12-04,False,Noticias
1097,1160,Post,2022-02-23,False,Opinión
1098,1070,Post,2020-06-22,True,Entretenimiento
1099,948,Post,2022-02-11,False,Entretenimiento
1100,309,Post,2022-01-11,True,Entretenimiento
1101,892,Post,2024-07-29,False,Opinión
1102,132,Post,2022-05-02,False,Entretenimiento
1103,845,Post,2022-03-26,True,Deportes
1104,1324,Post,2021-05-04,False,Deportes
1105,1407,Post,2023-03-07,False,Noticias
1106,832,Post,2024-05-13,True,Noticias
1107,308,Post,2023-07-11,True,Deportes
1108,503,Post,2024-12-31,True,Opinión
1109,951,Post,2024-09-22,False,Entretenimiento
1110,865,Post,2022-09-03,False,Deportes
1111,414,Post,2020-10-08,True,Opinión
1112,280,Post,2023-02-25,False,Opinión
1113,569,Post,2021-09-18,False,Noticias
1114,1320,Post,2022-02-18,True,Entretenimiento
1115,1480,Post,2020-04-06,True,Entretenimiento
1116,114,Post,2020-05-07,True,Noticias
1117,643,Post,2020-07-05,True,Opinión
1118,131,Post,2023-06-05,False,Deportes
1119,745,Post,2020-12-07,False,Opinión
1120,813,Post,2024-05-06,True,Opinión
1121,484,Post,2024-10-27,True,Noticias
1122,1069,Post,2024-10-21,True,Opinión
1123,1017,Post,2023-04-04,False,Deportes
1124,488,Post,2023-10-25,True,Noticias
1125,642,Post,2020-03-22,True,Deportes
1126,484,Post,2024-02-17,False,Entretenimiento
1127,447,Post,2020-05-24,False,Opinión
1128,359,Post,2020-03-12,True,Noticias
1129,901,Post,2022-05-28,False,Deportes
1130,1208,Post,2021-02-06,False,Entretenimiento
1131,1093,Post,2022-05-26,False,Noticias
1132,649,Post,2023-03-31,True,Noticias
1133,973,Post,2025-02-15,False,Deportes
1134,569,Post,2024-01-05,True,Entretenimiento
1135,744,Post,2022-04-04,True,Noticias
1136,632,Post,2023-10-09,False,Noticias
1137,1357,Post,2020-08-27,True,Deportes
1138,1415,Post,2022-10-18,True,Noticias
1139,519,Post,2021-01-01,True,Opinión
1140,634,Post,2023-01-30,False,Noticias
1141,1404,Post,2021-05-20,False,Noticias
1142,907,Post,2022-07-31,True,Opinión
1143,805,Post,2024-04-08,True,Opinión
1144,617,Post,2023-12-31,False,Noticias
1145,610,Post,2021-06-23,True,Opinión
1146,899,Post,2024-04-08,True,Entretenimiento
1147,1320,Post,2020-11-03,False,Entretenimiento
1148,562,Post,2024-12-02,True,Deportes
1149,1007,Post,2020-07-22,True,Opinión
1150,682,Post,2021-05-25,False,Opinión
1151,206,Post,2022-10-27,False,Deportes
1152,1431,Post,2024-10-21,True,Entretenimiento
1153,721,Post,2024-08-07,True,Entretenimiento
1154,929,Post,2020-11-19,False,Opinión
1155,107,Post,2020-12-31,True,Deportes
1156,1291,Post,2020-05-21,True,Noticias
1157,7,Post,2022-05-12,True,Opinión
1158,1287,Post,2021-02-21,True,Opinión
1159,1180,Post,2023-04-27,False,Entretenimiento
1160,324,Post,2022-08-10,True,Noticias
1161,1217,Post,2024-01-16,True,Noticias
1162,655,Post,2023-09-09,False,Opinión
1163,274,Post,2023-05-13,False,Entretenimiento
1164,1408,Post,2021-05-21,True,Deportes
1165,578,Post,2023-12-30,False,Noticias
1166,849,Post,2023-07-24,True,Opinión
1167,806,Post,2024-07-31,True,Deportes
1168,1169,Post,2021-03-17,False,Entretenimiento
1169,48,Post,2024-09-12,True,Opinión
1170,183,Post,2022-10-26,True,Noticias
1171,407,Post,2023-09-05,False,Entretenimiento
1172,102,Post,2021-12-13,True,Noticias
1173,1230,Post,2023-10-11,False,Entretenimiento
1174,183,Post,2022-12-15,True,Deportes
1175,349,Post,2023-04-25,False,Noticias
1176,29,Post,2022-01-02,True,Entretenimiento
1177,930,Post,2022-04-25,False,Opinión
1178,243,Post,2023-03-14,False,Noticias
1179,391,Post,2024-02-26,True,Noticias
1180,590,Post,2020-06-04,False,Entretenimiento
1181,783,Post,2021-11-27,False,Deportes
1182,424,Post,2022-08-26,False,Noticias
1183,580,Post,2022-06-15,True,Entretenimiento
1184,857,Post,2022-03-30,True,Opinión
1185,299,Post,2021-08-01,False,Deportes
1186,537,Post,2023-04-13,False,Noticias
1187,509,Post,2024-07-13,False,Noticias
1188,176,Post,2021-10-16,False,Noticias
1189,273,Post,2020-10-02,False,Entretenimiento
1190,1420,Post,2021-08-24,False,Entretenimiento
1191,1461,Post,2023-10-03,True,Deportes
1192,1224,Post,2022-02-11,False,Deportes
1193,196,Post,2021-11-13,True,Noticias
1194,107,Post,2022-04-26,True,Entretenimiento
1195,965,Post,2021-08-27,True,Entretenimiento
1196,1242,Post,2024-11-29,False,Opinión
1197,11,Post,2022-12-07,True,Entretenimiento
1198,620,Post,2020-03-11,False,Noticias
1199,1375,Post,2022-06-28,False,Entretenimiento
1200,1146,Post,2020-04-16,True,Noticias
1,1032,Comment,2023-12-18,False,Noticias
2,184,Comment,2020-12-20,False,Opinión
3,240,Comment,2020-04-17,False,Deportes
4,576,Comment,2021-07-31,False,Noticias
5,1256,Comment,2020-10-04,False,Entretenimiento
6,647,Comment,2021-12-04,False,Entretenimiento
7,1347,Comment,2024-03-11,False,Deportes
8,112,Comment,2022-05-08,False,Entretenimiento
9,533,Comment,2021-03-17,False,Entretenimiento
10,1014,Comment,2024-05-15,False,Entretenimiento
11,994,Comment,2024-02-11,False,Opinión
12,1475,Comment,2020-08-24,False,Opinión
13,582,Comment,2022-08-16,False,Entretenimiento
14,1042,Comment,2020-04-07,False,Entretenimiento
15,9,Comment,2023-03-25,False,Deportes
16,505,Comment,2022-10-22,False,Opinión
17,54,Comment,2021-05-28,False,Entretenimiento
18,1210,Comment,2022-03-18,False,Entretenimiento
19,167,Comment,2021-03-30,False,Noticias
20,1287,Comment,2024-03-29,False,Entretenimiento
21,1344,Comment,2023-04-09,False,Entretenimiento
22,265,Comment,2021-12-09,False,Opinión
23,1319,Comment,2021-02-03,False,Entretenimiento
24,145,Comment,2022-05-08,False,Noticias
25,523,Comment,2024-07-14,False,Noticias
26,427,Comment,2022-10-07,False,Noticias
27,1340,Comment,2023-10-30,False,Deportes
28,886,Comment,2020-08-15,False,Noticias
29,1363,Comment,2024-08-18,False,Entretenimiento
30,1003,Comment,2023-07-29,False,Entretenimiento
31,1154,Comment,2023-02-02,False,Noticias
32,1258,Comment,2022-04-25,False,Opinión
33,1052,Comment,2021-05-29,False,Opinión
34,1327,Comment,2024-06-05,False,Opinión
35,1326,Comment,2022-03-05,False,Entretenimiento
36,163,Comment,2021-10-19,False,Deportes
37,1402,Comment,2024-12-01,False,Deportes
38,876,Comment,2023-03-15,False,Opinión
39,157,Comment,2022-04-30,False,Deportes
40,871,Comment,2020-03-02,False,Opinión
41,1165,Comment,2023-08-21,False,Entretenimiento
42,1032,Comment,2022-12-16,False,Entretenimiento
43,374,Comment,2024-05-06,False,Opinión
44,1443,Comment,2023-02-20,False,Entretenimiento
45,922,Comment,2024-03-26,False,Entretenimiento
46,380,Comment,2022-12-28,False,Entretenimiento
47,889,Comment,2023-06-30,False,Entretenimiento
48,239,Comment,2022-12-25,False,Deportes
49,830,Comment,2021-06-17,False,Opinión
50,1415,Comment,2021-09-14,False,Deportes
51,277,Comment,2021-01-01,False,Opinión
52,33,Comment,2024-03-14,False,Entretenimiento
53,986,Comment,2023-10-29,False,Entretenimiento
54,1283,Comment,2020-08-02,False,Entretenimiento
55,950,Comment,2022-05-21,False,Noticias
56,341,Comment,2024-09-18,False,Noticias
57,41,Comment,2024-09-01,False,Opinión
58,604,Comment,2023-12-08,False,Opinión
59,17,Comment,2025-01-06,False,Noticias
60,1186,Comment,2020-06-27,False,Deportes
61,819,Comment,2022-10-24,False,Opinión
62,1000,Comment,2024-04-17,False,Deportes
63,39,Comment,2021-01-21,False,Deportes
64,549,Comment,2022-10-27,False,Opinión
65,1276,Comment,2023-04-04,False,Deportes
66,590,Comment,2020-11-26,False,Deportes
67,1040,Comment,2024-10-20,False,Noticias
68,1346,Comment,2024-09-05,False,Opinión
69,800,Comment,2020-12-31,False,Entretenimiento
70,968,Comment,2024-06-22,False,Noticias
71,1415,Comment,2020-09-17,False,Entretenimiento
72,409,Comment,2022-12-12,False,Noticias
73,852,Comment,2024-04-16,False,Deportes
74,1141,Comment,2023-05-02,False,Opinión
75,1387,Comment,2021-02-11,False,Noticias
76,692,Comment,2020-11-08,False,Entretenimiento
77,459,Comment,2023-02-02,False,Opinión
78,96,Comment,2025-02-10,False,Entretenimiento
79,1414,Comment,2023-05-27,False,Noticias
80,897,Comment,2024-11-26,False,Noticias
81,1251,Comment,2025-02-23,False,Opinión
82,343,Comment,2023-01-18,False,Opinión
83,322,Comment,2023-01-31,False,Noticias
84,1021,Comment,2025-01-19,False,Noticias
85,252,Comment,2024-06-20,False,Opinión
86,14,Comment,2024-07-27,False,Noticias
87,1035,Comment,2024-12-30,False,Noticias
88,850,Comment,2024-09-28,False,Noticias
89,864,Comment,2020-05-21,False,Opinión
90,940,Comment,2020-07-25,False,Opinión
91,299,Comment,2021-01-22,False,Deportes
92,645,Comment,2023-12-06,False,Opinión
93,126,Comment,2021-03-12,False,Opinión
94,1314,Comment,2024-03-02,False,Deportes
95,1353,Comment,2021-09-15,False,Entretenimiento
96,1395,Comment,2023-07-17,False,Deportes
97,643,Comment,2025-01-04,False,Deportes
98,301,Comment,2024-11-16,False,Deportes
99,1267,Comment,2024-05-28,False,Deportes
100,1329,Comment,2021-04-02,False,Deportes
101,173,Comment,2025-02-18,False,Opinión
102,1473,Comment,2024-02-14,False,Entretenimiento
103,1048,Comment,2022-03-05,False,Noticias
104,328,Comment,2024-03-27,False,Entretenimiento
105,623,Comment,2024-03-16,False,Opinión
106,123,Comment,2022-01-29,False,Noticias
107,98,Comment,2024-03-20,False,Opinión
108,11,Comment,2020-08-26,False,Opinión
109,1192,Comment,2022-12-11,False,Noticias
110,479,Comment,2022-11-25,False,Noticias
111,1465,Comment,2025-01-15,False,Entretenimiento
112,774,Comment,2024-04-23,False,Opinión
113,672,Comment,2023-11-01,False,Deportes
114,740,Comment,2024-02-21,False,Noticias
115,872,Comment,2024-03-13,False,Entretenimiento
116,871,Comment,2020-05-24,False,Deportes
117,160,Comment,2021-06-25,False,Noticias
118,1063,Comment,2022-10-16,False,Entretenimiento
119,1304,Comment,2023-10-25,False,Opinión
120,334,Comment,2020-02-28,False,Deportes
121,1457,Comment,2024-06-13,False,Entretenimiento
122,1423,Comment,2021-06-02,False,Entretenimiento
123,322,Comment,2023-09-24,False,Entretenimiento
124,837,Comment,2023-12-17,False,Deportes
125,83,Comment,2023-12-04,False,Entretenimiento
126,625,Comment,2024-12-04,False,Entretenimiento
127,293,Comment,2021-12-07,False,Opinión
128,581,Comment,2023-04-24,False,Noticias
129,1122,Comment,2024-06-20,False,Noticias
130,986,Comment,2022-10-15,False,Noticias
131,974,Comment,2022-07-08,False,Deportes
132,1304,Comment,2020-12-31,False,Deportes
133,306,Comment,2020-10-27,False,Noticias
134,794,Comment,2021-03-26,False,Noticias
135,94,Comment,2022-05-12,False,Entretenimiento
136,340,Comment,2022-05-24,False,Opinión
137,633,Comment,2021-01-07,False,Noticias
138,1146,Comment,2024-12-08,False,Opinión
139,1168,Comment,2022-10-21,False,Opinión
140,247,Comment,2022-06-19,False,Deportes
141,422,Comment,2024-08-14,False,Noticias
142,174,Comment,2022-02-21,False,Entretenimiento
143,93,Comment,2022-12-24,False,Noticias
144,896,Comment,2025-02-13,False,Deportes
145,1082,Comment,2022-10-15,False,Noticias
146,204,Comment,2023-10-01,False,Noticias
147,524,Comment,2020-02-29,False,Entretenimiento
148,347,Comment,2024-03-19,False,Noticias
149,1461,Comment,2022-03-23,False,Entretenimiento
150,292,Comment,2022-02-06,False,Entretenimiento
151,248,Comment,2023-12-18,False,Deportes
152,1223,Comment,2021-04-12,False,Entretenimiento
153,236,Comment,2021-02-05,False,Deportes
154,834,Comment,2024-07-11,False,Opinión
155,1298,Comment,2023-05-07,False,Opinión
156,1135,Comment,2023-03-29,False,Opinión
157,624,Comment,2022-01-19,False,Entretenimiento
158,1025,Comment,2020-09-18,False,Noticias
159,1107,Comment,2024-01-07,False,Noticias
160,868,Comment,2023-09-05,False,Entretenimiento
161,952,Comment,2022-01-17,False,Entretenimiento
162,124,Comment,2023-06-17,False,Deportes
163,720,Comment,2021-02-21,False,Noticias
164,1094,Comment,2024-01-10,False,Entretenimiento
165,1431,Comment,2021-06-01,False,Deportes
166,1140,Comment,2024-06-22,False,Opinión
167,1034,Comment,2024-08-03,False,Entretenimiento
168,1450,Comment,2021-07-07,False,Noticias
169,659,Comment,2021-04-01,False,Entretenimiento
170,33,Comment,2020-03-05,False,Entretenimiento
171,976,Comment,2020-05-29,False,Noticias
172,356,Comment,2020-03-10,False,Deportes
173,1103,Comment,2025-02-01,False,Opinión
174,64,Comment,2021-07-14,False,Noticias
175,771,Comment,2022-10-03,False,Opinión
176,1428,Comment,2020-06-30,False,Deportes
177,911,Comment,2024-10-10,False,Entretenimiento
178,1394,Comment,2023-08-12,False,Noticias
179,1257,Comment,2021-01-14,False,Noticias
180,744,Comment,2023-02-13,False,Deportes
181,1242,Comment,2024-06-21,False,Opinión
182,1308,Comment,2023-07-03,False,Noticias
183,1012,Comment,2024-07-08,False,Entretenimiento
184,1159,Comment,2020-03-09,False,Opinión
185,263,Comment,2021-08-08,False,Noticias
186,1072,Comment,2022-12-15,False,Noticias
187,1092,Comment,2020-06-25,False,Entretenimiento
188,1313,Comment,2021-06-26,False,Noticias
189,562,Comment,2020-07-09,False,Deportes
190,1060,Comment,2023-12-26,False,Deportes
191,861,Comment,2023-03-10,False,Entretenimiento
192,399,Comment,2023-06-26,False,Noticias
193,463,Comment,2020-05-28,False,Deportes
194,404,Comment,2023-01-17,False,Noticias
195,1281,Comment,2024-07-28,False,Opinión
196,50,Comment,2021-06-04,False,Opinión
197,970,Comment,2020-09-21,False,Noticias
198,684,Comment,2022-02-13,False,Opinión
199,1229,Comment,2022-07-14,False,Opinión
200,915,Comment,2021-07-03,False,Deportes
201,69,Comment,2020-04-26,False,Entretenimiento
202,127,Comment,2022-06-21,False,Noticias
203,885,Comment,2021-05-26,False,Opinión
204,604,Comment,2020-10-13,False,Noticias
205,842,Comment,2022-06-14,False,Noticias
206,22,Comment,2021-02-28,False,Opinión
207,1271,Comment,2023-05-19,False,Noticias
208,930,Comment,2020-07-24,False,Deportes
209,26,Comment,2024-02-27,False,Noticias
210,259,Comment,2021-07-28,False,Entretenimiento
211,1485,Comment,2023-04-09,False,Entretenimiento
212,91,Comment,2025-01-11,False,Entretenimiento
213,1051,Comment,2024-07-15,False,Deportes
214,302,Comment,2025-01-24,False,Noticias
215,17,Comment,2024-11-11,False,Noticias
216,487,Comment,2020-06-28,False,Opinión
217,705,Comment,2025-01-14,False,Entretenimiento
218,413,Comment,2021-01-13,False,Noticias
219,975,Comment,2024-06-08,False,Noticias
220,688,Comment,2021-12-18,False,Opinión
221,931,Comment,2024-08-23,False,Noticias
222,1309,Comment,2020-09-05,False,Deportes
223,1278,Comment,2024-05-03,False,Noticias
224,679,Comment,2020-10-20,False,Deportes
225,744,Comment,2024-06-30,False,Noticias
226,236,Comment,2024-09-30,False,Entretenimiento
227,1200,Comment,2022-12-12,False,Opinión
228,406,Comment,2021-07-05,False,Deportes
229,1473,Comment,2021-04-24,False,Noticias
230,45,Comment,2023-08-12,False,Noticias
231,1388,Comment,2021-10-17,False,Deportes
232,431,Comment,2021-03-22,False,Deportes
233,763,Comment,2022-01-18,False,Noticias
234,1457,Comment,2020-03-28,False,Deportes
235,389,Comment,2023-02-24,False,Deportes
236,652,Comment,2021-04-01,False,Deportes
237,1203,Comment,2021-05-17,False,Deportes
238,672,Comment,2021-07-24,False,Noticias
239,1041,Comment,2022-03-12,False,Opinión
240,167,Comment,2024-05-30,False,Entretenimiento
241,1042,Comment,2020-08-30,False,Noticias
242,1022,Comment,2023-03-27,False,Opinión
243,1460,Comment,2020-05-04,False,Deportes
244,971,Comment,2021-06-18,False,Noticias
245,1196,Comment,2023-10-31,False,Deportes
246,926,Comment,2021-11-20,False,Deportes
247,871,Comment,2025-01-18,False,Opinión
248,767,Comment,2020-04-01,False,Opinión
249,173,Comment,2022-04-09,False,Deportes
250,85,Comment,2024-01-22,False,Entretenimiento
251,958,Comment,2020-08-14,False,Deportes
252,650,Comment,2023-07-30,False,Noticias
253,905,Comment,2022-04-11,False,Noticias
254,604,Comment,2021-08-10,False,Entretenimiento
255,467,Comment,2023-03-08,False,Opinión
256,79,Comment,2024-04-24,False,Entretenimiento
257,675,Comment,2022-06-24,False,Noticias
258,563,Comment,2022-06-11,False,Deportes
259,1113,Comment,2021-11-02,False,Deportes
260,828,Comment,2022-02-14,False,Opinión
261,967,Comment,2021-04-28,False,Noticias
262,815,Comment,2023-12-09,False,Entretenimiento
263,479,Comment,2025-01-12,False,Entretenimiento
264,945,Comment,2020-04-25,False,Opinión
265,385,Comment,2025-01-20,False,Entretenimiento
266,922,Comment,2023-02-28,False,Deportes
267,263,Comment,2025-02-16,False,Deportes
268,727,Comment,2020-07-18,False,Deportes
269,827,Comment,2020-10-15,False,Deportes
270,1163,Comment,2022-10-26,False,Deportes
271,677,Comment,2021-05-01,False,Noticias
272,781,Comment,2022-07-07,False,Entretenimiento
273,792,Comment,2020-11-05,False,Entretenimiento
274,1167,Comment,2024-07-17,False,Noticias
275,214,Comment,2020-11-20,False,Noticias
276,1412,Comment,2023-08-22,False,Deportes
277,143,Comment,2022-03-31,False,Deportes
278,597,Comment,2022-06-17,False,Noticias
279,1062,Comment,2024-06-27,False,Noticias
280,801,Comment,2023-11-16,False,Entretenimiento
281,857,Comment,2020-03-28,False,Opinión
282,423,Comment,2025-01-15,False,Entretenimiento
283,886,Comment,2021-05-05,False,Noticias
284,416,Comment,2022-10-22,False,Entretenimiento
285,16,Comment,2024-07-12,False,Opinión
286,818,Comment,2023-04-25,False,Entretenimiento
287,943,Comment,2021-05-18,False,Opinión
288,187,Comment,2023-12-26,False,Deportes
289,1458,Comment,2024-01-15,False,Deportes
290,851,Comment,2023-07-10,False,Deportes
291,788,Comment,2020-11-28,False,Deportes
292,90,Comment,2023-11-29,False,Deportes
293,1287,Comment,2023-04-14,False,Deportes
294,1480,Comment,2022-01-14,False,Noticias
295,1133,Comment,2020-09-15,False,Noticias
296,216,Comment,2024-11-23,False,Deportes
297,338,Comment,2024-11-28,False,Opinión
298,150,Comment,2022-02-21,False,Noticias
299,399,Comment,2024-09-28,False,Deportes
300,235,Comment,2021-07-23,False,Noticias
301,945,Comment,2020-09-10,False,Entretenimiento
302,897,Comment,2021-12-15,False,Noticias
303,350,Comment,2023-08-19,False,Opinión
304,603,Comment,2020-02-27,False,Deportes
305,1376,Comment,2022-08-28,False,Deportes
306,734,Comment,2020-06-17,False,Entretenimiento
307,443,Comment,2021-05-29,False,Noticias
308,1301,Comment,2021-07-17,False,Entretenimiento
309,800,Comment,2024-05-16,False,Deportes
310,10,Comment,2020-08-29,False,Noticias
311,512,Comment,2022-02-09,False,Opinión
312,188,Comment,2021-01-18,False,Opinión
313,691,Comment,2020-11-28,False,Entretenimiento
314,1361,Comment,2020-04-07,False,Noticias
315,852,Comment,2022-12-03,False,Noticias
316,1284,Comment,2023-01-18,False,Opinión
317,810,Comment,2023-12-03,False,Noticias
318,217,Comment,2024-02-23,False,Noticias
319,824,Comment,2024-09-30,False,Noticias
320,451,Comment,2024-04-30,False,Entretenimiento
321,756,Comment,2020-06-10,False,Entretenimiento
322,618,Comment,2020-08-19,False,Deportes
323,352,Comment,2021-06-04,False,Deportes
324,665,Comment,2020-10-16,False,Noticias
325,1302,Comment,2022-09-26,False,Noticias
326,37,Comment,2024-07-20,False,Opinión
327,477,Comment,2023-11-09,False,Noticias
328,1263,Comment,2024-05-09,False,Deportes
329,878,Comment,2023-11-28,False,Entretenimiento
330,282,Comment,2021-12-25,False,Noticias
331,770,Comment,2020-04-13,False,Opinión
332,1486,Comment,2023-03-28,False,Entretenimiento
333,651,Comment,2022-08-28,False,Entretenimiento
334,49,Comment,2021-04-07,False,Deportes
335,422,Comment,2021-12-11,False,Noticias
336,1426,Comment,2024-08-15,False,Entretenimiento
337,376,Comment,2023-12-22,False,Opinión
338,1007,Comment,2024-11-17,False,Opinión
339,1300,Comment,2020-06-18,False,Noticias
340,188,Comment,2024-08-01,False,Noticias
341,484,Comment,2022-01-26,False,Opinión
342,638,Comment,2021-10-31,False,Noticias
343,869,Comment,2023-04-08,False,Opinión
344,585,Comment,2020-04-06,False,Opinión
345,164,Comment,2020-11-22,False,Opinión
346,904,Comment,2020-04-23,False,Opinión
347,988,Comment,2023-12-31,False,Entretenimiento
348,615,Comment,2024-12-19,False,Entretenimiento
349,780,Comment,2020-12-19,False,Noticias
350,1152,Comment,2024-03-09,False,Opinión
351,962,Comment,2022-06-18,False,Entretenimiento
352,27,Comment,2023-12-02,False,Deportes
353,852,Comment,2020-05-09,False,Noticias
354,631,Comment,2022-07-13,False,Opinión
355,789,Comment,2020-05-26,False,Opinión
356,894,Comment,2025-02-05,False,Entretenimiento
357,1001,Comment,2024-03-10,False,Entretenimiento
358,790,Comment,2021-02-02,False,Deportes
359,979,Comment,2023-01-21,False,Opinión
360,1386,Comment,2024-08-22,False,Deportes
361,1240,Comment,2024-08-01,False,Noticias
362,1234,Comment,2023-08-05,False,Opinión
363,240,Comment,2023-02-21,False,Noticias
364,1201,Comment,2023-06-21,False,Deportes
365,340,Comment,2025-02-24,False,Entretenimiento
366,1349,Comment,2021-07-03,False,Deportes
367,1491,Comment,2023-07-21,False,Opinión
368,293,Comment,2023-03-12,False,Entretenimiento
369,816,Comment,2020-08-16,False,Noticias
370,1008,Comment,2023-12-16,False,Entretenimiento
371,1427,Comment,2021-10-01,False,Entretenimiento
372,883,Comment,2024-07-08,False,Deportes
373,276,Comment,2022-08-27,False,Noticias
374,226,Comment,2021-12-10,False,Deportes
375,412,Comment,2022-07-26,False,Deportes
376,393,Comment,2022-12-20,False,Noticias
377,1279,Comment,2021-02-24,False,Deportes
378,176,Comment,2021-06-21,False,Deportes
379,61,Comment,2020-07-28,False,Deportes
380,207,Comment,2021-09-30,False,Entretenimiento
381,1363,Comment,2024-12-02,False,Deportes
382,433,Comment,2020-07-18,False,Noticias
383,1235,Comment,2021-07-12,False,Opinión
384,691,Comment,2020-09-08,False,Entretenimiento
385,646,Comment,2023-08-06,False,Opinión
386,776,Comment,2024-10-29,False,Entretenimiento
387,206,Comment,2022-10-19,False,Deportes
388,53,Comment,2023-06-17,False,Opinión
389,755,Comment,2021-04-27,False,Entretenimiento
390,847,Comment,2024-08-01,False,Entretenimiento
391,1298,Comment,2024-01-26,False,Entretenimiento
392,667,Comment,2022-04-29,False,Deportes
393,1255,Comment,2023-02-09,False,Entretenimiento
394,1433,Comment,2021-09-30,False,Noticias
395,400,Comment,2021-04-01,False,Entretenimiento
396,1034,Comment,2024-08-25,False,Deportes
397,618,Comment,2020-12-19,False,Noticias
398,237,Comment,2021-03-15,False,Noticias
399,350,Comment,2023-12-15,False,Entretenimiento
400,329,Comment,2020-11-20,False,Opinión
401,452,Comment,2021-02-10,False,Opinión
402,1363,Comment,2022-11-13,False,Deportes
403,186,Comment,2023-04-22,False,Deportes
404,1231,Comment,2022-06-18,False,Opinión
405,1485,Comment,2020-09-14,False,Deportes
406,478,Comment,2022-09-23,False,Noticias
407,180,Comment,2024-02-01,False,Deportes
408,386,Comment,2022-01-21,False,Opinión
409,779,Comment,2024-05-08,False,Noticias
410,127,Comment,2020-10-11,False,Noticias
411,748,Comment,2023-04-16,False,Deportes
412,219,Comment,2020-05-16,False,Opinión
413,297,Comment,2022-01-10,False,Noticias
414,1393,Comment,2024-08-10,False,Noticias
415,1363,Comment,2024-04-30,False,Entretenimiento
416,1411,Comment,2024-01-23,False,Opinión
417,442,Comment,2021-04-07,False,Deportes
418,313,Comment,2022-12-26,False,Opinión
419,108,Comment,2023-09-23,False,Opinión
420,613,Comment,2022-07-04,False,Opinión
421,1389,Comment,2020-03-22,False,Entretenimiento
422,1082,Comment,2020-10-28,False,Deportes
423,807,Comment,2024-07-15,False,Opinión
424,1189,Comment,2021-11-06,False,Entretenimiento
425,336,Comment,2024-04-17,False,Entretenimiento
426,597,Comment,2023-12-19,False,Noticias
427,401,Comment,2021-07-11,False,Noticias
428,1390,Comment,2020-03-09,False,Deportes
429,116,Comment,2024-08-15,False,Noticias
430,241,Comment,2021-08-08,False,Noticias
431,305,Comment,2021-03-10,False,Deportes
432,494,Comment,2022-11-14,False,Entretenimiento
433,354,Comment,2024-06-09,False,Noticias
434,184,Comment,2021-08-02,False,Entretenimiento
435,1338,Comment,2023-08-01,False,Noticias
436,239,Comment,2025-01-21,False,Opinión
437,1044,Comment,2021-01-08,False,Opinión
438,561,Comment,2024-03-16,False,Opinión
439,1321,Comment,2023-11-27,False,Opinión
440,131,Comment,2024-09-15,False,Deportes
441,41,Comment,2020-06-16,False,Opinión
442,1001,Comment,2024-09-04,False,Opinión
443,255,Comment,2024-01-23,False,Deportes
444,1424,Comment,2020-11-03,False,Entretenimiento
445,252,Comment,2022-09-07,False,Opinión
446,180,Comment,2023-03-17,False,Entretenimiento
447,256,Comment,2023-03-03,False,Deportes
448,867,Comment,2023-03-06,False,Noticias
449,601,Comment,2021-12-29,False,Entretenimiento
450,1005,Comment,2022-11-07,False,Opinión
451,1046,Comment,2020-05-17,False,Noticias
452,92,Comment,2020-06-21,False,Entretenimiento
453,614,Comment,2020-09-07,False,Opinión
454,1131,Comment,2021-11-23,False,Entretenimiento
455,1494,Comment,2024-01-10,False,Opinión
456,1331,Comment,2024-11-28,False,Deportes
457,1386,Comment,2022-07-07,False,Deportes
458,145,Comment,2023-07-31,False,Noticias
459,763,Comment,2021-05-06,False,Opinión
460,336,Comment,2023-08-24,False,Entretenimiento
461,889,Comment,2023-02-06,False,Noticias
462,256,Comment,2024-08-16,False,Entretenimiento
463,675,Comment,2021-03-19,False,Deportes
464,300,Comment,2023-08-19,False,Entretenimiento
465,773,Comment,2022-03-19,False,Noticias
466,253,Comment,2024-04-05,False,Entretenimiento
467,196,Comment,2025-01-11,False,Deportes
468,556,Comment,2022-08-10,False,Noticias
469,652,Comment,2022-06-17,False,Opinión
470,1389,Comment,2022-11-01,False,Noticias
471,1214,Comment,2021-04-28,False,Deportes
472,1052,Comment,2022-10-13,False,Noticias
473,776,Comment,2023-08-20,False,Deportes
474,1310,Comment,2022-12-15,False,Deportes
475,1247,Comment,2021-09-16,False,Deportes
476,725,Comment,2020-05-30,False,Noticias
477,1067,Comment,2021-09-09,False,Entretenimiento
478,833,Comment,2024-09-05,False,Entretenimiento
479,163,Comment,2021-05-05,False,Entretenimiento
480,339,Comment,2025-01-11,False,Noticias
481,586,Comment,2025-02-14,False,Deportes
482,869,Comment,2024-12-31,False,Noticias
483,1055,Comment,2021-05-17,False,Deportes
484,29,Comment,2022-07-04,False,Noticias
485,1439,Comment,2020-04-15,False,Noticias
486,1355,Comment,2023-12-01,False,Noticias
487,346,Comment,2025-01-27,False,Opinión
488,154,Comment,2024-08-04,False,Deportes
489,724,Comment,2024-01-03,False,Entretenimiento
490,765,Comment,2022-06-29,False,Noticias
491,595,Comment,2020-05-19,False,Opinión
492,5,Comment,2020-06-22,False,Opinión
493,1317,Comment,2020-05-27,False,Noticias
494,1266,Comment,2022-07-13,False,Noticias
495,943,Comment,2020-03-12,False,Deportes
496,717,Comment,2022-01-28,False,Opinión
497,883,Comment,2023-05-14,False,Entretenimiento
498,1054,Comment,2023-11-13,False,Deportes
499,15,Comment,2023-03-09,False,Deportes
500,810,Comment,2021-05-04,False,Noticias
501,1099,Comment,2024-05-17,False,Opinión
502,332,Comment,2023-02-14,False,Deportes
503,1453,Comment,2022-03-30,False,Entretenimiento
504,83,Comment,2020-05-13,False,Deportes
505,65,Comment,2023-05-26,False,Opinión
506,1363,Comment,2023-10-21,False,Entretenimiento
507,1015,Comment,2024-06-07,False,Entretenimiento
508,797,Comment,2021-03-13,False,Deportes
509,44,Comment,2021-02-03,False,Entretenimiento
510,1402,Comment,2023-07-21,False,Opinión
511,1223,Comment,2020-10-02,False,Noticias
512,996,Comment,2024-09-17,False,Opinión
513,313,Comment,2021-10-08,False,Opinión
514,236,Comment,2022-07-03,False,Entretenimiento
515,879,Comment,2020-11-28,False,Opinión
516,1436,Comment,2023-11-15,False,Entretenimiento
517,1211,Comment,2022-05-25,False,Entretenimiento
518,822,Comment,2020-07-26,False,Noticias
519,874,Comment,2021-03-27,False,Entretenimiento
520,105,Comment,2022-06-26,False,Opinión
521,474,Comment,2024-08-04,False,Noticias
522,1045,Comment,2024-08-20,False,Noticias
523,226,Comment,2021-09-19,False,Entretenimiento
524,857,Comment,2021-04-02,False,Opinión
525,84,Comment,2022-04-03,False,Deportes
526,585,Comment,2022-12-19,False,Deportes
527,517,Comment,2023-03-28,False,Opinión
528,199,Comment,2020-07-17,False,Deportes
529,739,Comment,2024-12-11,False,Opinión
530,488,Comment,2024-06-20,False,Opinión
531,268,Comment,2024-03-14,False,Entretenimiento
532,1444,Comment,2023-09-01,False,Noticias
533,1120,Comment,2024-12-20,False,Entretenimiento
534,1093,Comment,2021-05-04,False,Opinión
535,857,Comment,2021-11-02,False,Noticias
536,712,Comment,2021-11-09,False,Noticias
537,139,Comment,2024-01-27,False,Entretenimiento
538,342,Comment,2023-07-20,False,Opinión
539,94,Comment,2021-09-09,False,Noticias
540,1014,Comment,2023-08-31,False,Noticias
541,1044,Comment,2020-11-22,False,Entretenimiento
542,557,Comment,2023-03-21,False,Entretenimiento
543,1172,Comment,2022-02-26,False,Opinión
544,933,Comment,2021-11-19,False,Noticias
545,452,Comment,2023-04-01,False,Noticias
546,351,Comment,2024-04-11,False,Noticias
547,1310,Comment,2022-03-27,False,Opinión
548,106,Comment,2020-10-29,False,Entretenimiento
549,238,Comment,2023-11-09,False,Noticias
550,756,Comment,2024-12-25,False,Entretenimiento
551,274,Comment,2021-05-02,False,Deportes
552,1282,Comment,2023-06-10,False,Entretenimiento
553,573,Comment,2021-08-04,False,Entretenimiento
554,1347,Comment,2020-09-01,False,Deportes
555,1340,Comment,2024-11-28,False,Deportes
556,423,Comment,2023-12-02,False,Noticias
557,1192,Comment,2021-10-25,False,Deportes
558,1488,Comment,2023-06-30,False,Noticias
559,192,Comment,2020-05-14,False,Opinión
560,387,Comment,2023-07-29,False,Entretenimiento
561,44,Comment,2021-04-01,False,Entretenimiento
562,808,Comment,2021-06-02,False,Noticias
563,874,Comment,2021-08-21,False,Entretenimiento
564,1079,Comment,2024-08-25,False,Deportes
565,205,Comment,2023-09-11,False,Noticias
566,28,Comment,2021-04-14,False,Deportes
567,172,Comment,2023-09-21,False,Opinión
568,218,Comment,2021-05-28,False,Entretenimiento
569,175,Comment,2024-11-12,False,Deportes
570,910,Comment,2023-11-30,False,Noticias
571,500,Comment,2024-02-08,False,Opinión
572,253,Comment,2022-11-29,False,Deportes
573,1116,Comment,2022-10-11,False,Noticias
574,3,Comment,2023-09-01,False,Opinión
575,790,Comment,2022-06-02,False,Deportes
576,788,Comment,2024-07-02,False,Opinión
577,460,Comment,2024-01-02,False,Entretenimiento
578,1261,Comment,2024-07-25,False,Noticias
579,1239,Comment,2025-01-15,False,Deportes
580,1229,Comment,2022-03-01,False,Opinión
581,1408,Comment,2023-06-30,False,Opinión
582,556,Comment,2022-10-18,False,Opinión
583,1457,Comment,2022-03-25,False,Opinión
584,305,Comment,2021-06-20,False,Noticias
585,915,Comment,2021-08-23,False,Deportes
586,1184,Comment,2023-01-25,False,Entretenimiento
587,662,Comment,2023-11-06,False,Entretenimiento
588,1013,Comment,2024-08-02,False,Deportes
589,683,Comment,2023-06-04,False,Deportes
590,1126,Comment,2022-09-19,False,Noticias
591,472,Comment,2020-06-02,False,Opinión
592,1184,Comment,2022-04-13,False,Entretenimiento
593,741,Comment,2021-10-14,False,Entretenimiento
594,1144,Comment,2023-10-30,False,Opinión
595,123,Comment,2021-01-24,False,Opinión
596,943,Comment,2020-06-09,False,Noticias
597,460,Comment,2020-11-14,False,Opinión
598,1425,Comment,2025-02-13,False,Opinión
599,762,Comment,2023-04-06,False,Deportes
600,1192,Comment,2023-10-03,False,Deportes
601,301,Comment,2023-09-03,False,Noticias
602,158,Comment,2021-08-30,False,Deportes
603,374,Comment,2023-02-09,False,Deportes
604,1081,Comment,2020-04-09,False,Noticias
605,910,Comment,2023-08-04,False,Noticias
606,123,Comment,2023-06-14,False,Noticias
607,329,Comment,2020-10-27,False,Opinión
608,1135,Comment,2020-04-18,False,Noticias
609,466,Comment,2022-09-08,False,Entretenimiento
610,189,Comment,2023-12-07,False,Entretenimiento
611,434,Comment,2024-09-29,False,Noticias
612,804,Comment,2024-12-07,False,Deportes
613,1419,Comment,2023-06-28,False,Opinión
614,830,Comment,2021-11-01,False,Entretenimiento
615,761,Comment,2023-01-24,False,Opinión
616,160,Comment,2023-07-16,False,Opinión
617,578,Comment,2022-07-04,False,Noticias
618,434,Comment,2020-05-09,False,Noticias
619,414,Comment,2023-08-20,False,Deportes
620,1157,Comment,2024-07-15,False,Opinión
621,645,Comment,2022-07-29,False,Entretenimiento
622,579,Comment,2023-11-18,False,Entretenimiento
623,801,Comment,2025-01-25,False,Noticias
624,1382,Comment,2022-08-05,False,Entretenimiento
625,207,Comment,2022-06-15,False,Opinión
626,1203,Comment,2023-09-21,False,Entretenimiento
627,331,Comment,2022-11-02,False,Deportes
628,192,Comment,2025-01-12,False,Entretenimiento
629,1396,Comment,2021-11-11,False,Noticias
630,1493,Comment,2025-02-10,False,Deportes
631,269,Comment,2024-12-15,False,Noticias
632,82,Comment,2022-11-16,False,Entretenimiento
633,1243,Comment,2021-10-22,False,Deportes
634,1286,Comment,2020-03-23,False,Entretenimiento
635,634,Comment,2024-02-24,False,Opinión
636,193,Comment,2023-11-17,False,Opinión
637,331,Comment,2021-08-22,False,Noticias
638,146,Comment,2022-09-06,False,Noticias
639,525,Comment,2023-01-30,False,Entretenimiento
640,1165,Comment,2024-10-14,False,Noticias
641,822,Comment,2022-09-12,False,Noticias
642,752,Comment,2024-02-26,False,Entretenimiento
643,1398,Comment,2023-05-14,False,Deportes
644,88,Comment,2021-03-13,False,Opinión
645,1149,Comment,2023-01-22,False,Deportes
646,770,Comment,2024-03-11,False,Entretenimiento
647,457,Comment,2023-11-13,False,Noticias
648,715,Comment,2022-09-09,False,Deportes
649,176,Comment,2023-07-12,False,Opinión
650,888,Comment,2022-10-21,False,Deportes
651,702,Comment,2023-10-28,False,Opinión
652,571,Comment,2021-06-13,False,Opinión
653,1312,Comment,2020-08-30,False,Opinión
654,128,Comment,2023-05-20,False,Opinión
655,111,Comment,2020-10-19,False,Entretenimiento
656,1401,Comment,2023-05-05,False,Noticias
657,172,Comment,2023-01-16,False,Entretenimiento
658,611,Comment,2021-07-25,False,Opinión
659,1372,Comment,2023-11-25,False,Deportes
660,878,Comment,2022-03-08,False,Entretenimiento
661,716,Comment,2022-03-11,False,Opinión
662,330,Comment,2024-08-07,False,Noticias
663,1149,Comment,2025-02-15,False,Opinión
664,297,Comment,2024-02-26,False,Opinión
665,649,Comment,2022-07-09,False,Entretenimiento
666,649,Comment,2025-02-18,False,Entretenimiento
667,1480,Comment,2024-01-24,False,Entretenimiento
668,921,Comment,2022-03-13,False,Opinión
669,385,Comment,2024-04-25,False,Noticias
670,774,Comment,2023-06-19,False,Entretenimiento
671,1392,Comment,2020-08-03,False,Noticias
672,746,Comment,2020-09-25,False,Entretenimiento
673,1433,Comment,2023-06-06,False,Entretenimiento
674,721,Comment,2025-01-24,False,Entretenimiento
675,233,Comment,2020-05-03,False,Deportes
676,1133,Comment,2023-10-01,False,Opinión
677,1351,Comment,2022-06-05,False,Noticias
678,204,Comment,2022-11-21,False,Entretenimiento
679,1331,Comment,2025-02-22,False,Opinión
680,1278,Comment,2022-08-13,False,Entretenimiento
681,67,Comment,2024-03-28,False,Entretenimiento
682,932,Comment,2022-12-04,False,Deportes
683,962,Comment,2024-07-03,False,Deportes
684,1442,Comment,2021-03-23,False,Opinión
685,1040,Comment,2021-09-22,False,Deportes
686,1379,Comment,2022-11-29,False,Opinión
687,54,Comment,2020-10-10,False,Noticias
688,1229,Comment,2023-04-27,False,Opinión
689,881,Comment,2020-06-17,False,Opinión
690,1320,Comment,2020-06-13,False,Noticias
691,1184,Comment,2021-08-15,False,Noticias
692,826,Comment,2023-10-28,False,Noticias
693,474,Comment,2020-10-07,False,Opinión
694,243,Comment,2020-03-22,False,Opinión
695,1285,Comment,2024-10-19,False,Noticias
696,191,Comment,2022-01-13,False,Deportes
697,1216,Comment,2020-10-16,False,Entretenimiento
698,1172,Comment,2021-10-08,False,Opinión
699,1300,Comment,2022-05-12,False,Entretenimiento
700,455,Comment,2024-12-31,False,Deportes
701,775,Comment,2024-11-07,False,Opinión
702,170,Comment,2020-06-17,False,Noticias
703,1187,Comment,2021-05-12,False,Opinión
704,220,Comment,2020-06-06,False,Opinión
705,159,Comment,2020-04-21,False,Noticias
706,801,Comment,2020-10-10,False,Deportes
707,151,Comment,2025-01-10,False,Entretenimiento
708,860,Comment,2020-10-29,False,Noticias
709,330,Comment,2024-03-13,False,Entretenimiento
710,1351,Comment,2021-01-22,False,Entretenimiento
711,703,Comment,2022-07-31,False,Deportes
712,325,Comment,2021-04-07,False,Deportes
713,1242,Comment,2023-08-27,False,Opinión
714,1049,Comment,2020-09-13,False,Opinión
715,61,Comment,2021-04-28,False,Deportes
716,1491,Comment,2020-04-29,False,Deportes
717,189,Comment,2023-07-07,False,Noticias
718,1016,Comment,2020-04-09,False,Noticias
719,355,Comment,2024-07-18,False,Deportes
720,1196,Comment,2022-12-09,False,Opinión
721,1000,Comment,2020-07-24,False,Deportes
722,557,Comment,2023-08-31,False,Deportes
723,785,Comment,2022-06-23,False,Deportes
724,132,Comment,2025-01-09,False,Deportes
725,519,Comment,2024-01-29,False,Entretenimiento
726,722,Comment,2023-11-28,False,Deportes
727,661,Comment,2021-02-26,False,Opinión
728,503,Comment,2022-09-16,False,Opinión
729,644,Comment,2025-02-03,False,Entretenimiento
730,1469,Comment,2020-03-26,False,Deportes
731,659,Comment,2022-05-19,False,Noticias
732,581,Comment,2023-09-03,False,Entretenimiento
733,1149,Comment,2024-11-19,False,Deportes
734,1176,Comment,2021-10-20,False,Noticias
735,406,Comment,2020-03-27,False,Entretenimiento
736,563,Comment,2020-05-15,False,Noticias
737,351,Comment,2024-09-02,False,Opinión
738,44,Comment,2023-10-25,False,Noticias
739,946,Comment,2021-02-18,False,Noticias
740,1081,Comment,2025-02-02,False,Opinión
741,195,Comment,2022-09-13,False,Entretenimiento
742,709,Comment,2024-03-23,False,Noticias
743,1255,Comment,2024-10-25,False,Entretenimiento
744,1011,Comment,2022-07-28,False,Opinión
745,60,Comment,2021-01-11,False,Deportes
746,216,Comment,2024-03-03,False,Opinión
747,349,Comment,2024-06-10,False,Entretenimiento
748,11,Comment,2022-12-04,False,Noticias
749,99,Comment,2020-11-05,False,Deportes
750,1255,Comment,2022-03-05,False,Noticias
751,944,Comment,2023-12-01,False,Opinión
752,1197,Comment,2022-11-01,False,Entretenimiento
753,1069,Comment,2020-05-10,False,Entretenimiento
754,575,Comment,2022-12-28,False,Entretenimiento
755,541,Comment,2021-10-15,False,Opinión
756,1144,Comment,2024-03-29,False,Deportes
757,160,Comment,2022-08-26,False,Deportes
758,27,Comment,2022-12-02,False,Entretenimiento
759,215,Comment,2020-04-08,False,Deportes
760,642,Comment,2024-11-11,False,Opinión
761,1034,Comment,2021-12-13,False,Entretenimiento
762,745,Comment,2023-08-13,False,Entretenimiento
763,1052,Comment,2021-07-24,False,Opinión
764,570,Comment,2024-09-08,False,Opinión
765,210,Comment,2021-03-27,False,Opinión
766,226,Comment,2023-12-29,False,Opinión
767,59,Comment,2022-05-29,False,Opinión
768,243,Comment,2023-09-04,False,Deportes
769,309,Comment,2022-12-02,False,Opinión
770,109,Comment,2021-08-08,False,Noticias
771,1329,Comment,2025-01-18,False,Opinión
772,388,Comment,2023-11-19,False,Noticias
773,1011,Comment,2021-07-01,False,Opinión
774,103,Comment,2024-01-18,False,Deportes
775,236,Comment,2024-06-11,False,Opinión
776,546,Comment,2021-11-28,False,Opinión
777,1271,Comment,2020-12-19,False,Opinión
778,1417,Comment,2022-03-15,False,Noticias
779,417,Comment,2021-08-21,False,Entretenimiento
780,590,Comment,2023-10-12,False,Entretenimiento
781,1435,Comment,2025-02-07,False,Entretenimiento
782,489,Comment,2021-07-19,False,Noticias
783,681,Comment,2020-03-28,False,Noticias
784,972,Comment,2020-09-09,False,Noticias
785,541,Comment,2021-02-08,False,Entretenimiento
786,722,Comment,2024-10-18,False,Entretenimiento
787,507,Comment,2024-08-08,False,Opinión
788,36,Comment,2020-06-02,False,Entretenimiento
789,1076,Comment,2020-06-01,False,Entretenimiento
790,193,Comment,2020-08-13,False,Entretenimiento
791,719,Comment,2022-04-12,False,Deportes
792,940,Comment,2022-12-25,False,Opinión
793,684,Comment,2024-08-21,False,Opinión
794,231,Comment,2021-10-13,False,Deportes
795,303,Comment,2024-02-08,False,Opinión
796,291,Comment,2022-10-21,False,Noticias
797,1183,Comment,2022-11-19,False,Deportes
798,183,Comment,2023-06-12,False,Opinión
799,561,Comment,2020-11-24,False,Deportes
800,544,Comment,2023-11-16,False,Opinión
801,855,Comment,2024-08-23,False,Entretenimiento
802,1187,Comment,2022-01-22,False,Opinión
803,252,Comment,2022-06-14,False,Opinión
804,711,Comment,2020-07-16,False,Entretenimiento
805,1404,Comment,2022-06-05,False,Deportes
806,1278,Comment,2020-10-20,False,Deportes
807,998,Comment,2023-03-02,False,Opinión
808,84,Comment,2021-11-25,False,Noticias
809,627,Comment,2020-08-11,False,Entretenimiento
810,103,Comment,2024-05-23,False,Entretenimiento
811,1029,Comment,2022-05-17,False,Entretenimiento
812,555,Comment,2021-01-05,False,Opinión
813,1199,Comment,2022-12-15,False,Deportes
814,970,Comment,2021-12-12,False,Deportes
815,818,Comment,2022-12-11,False,Opinión
816,637,Comment,2021-05-04,False,Opinión
817,1185,Comment,2025-01-18,False,Entretenimiento
818,278,Comment,2024-11-11,False,Entretenimiento
819,625,Comment,2024-10-13,False,Entretenimiento
820,376,Comment,2024-04-22,False,Entretenimiento
821,1079,Comment,2021-01-05,False,Opinión
822,1460,Comment,2024-05-04,False,Deportes
823,862,Comment,2024-05-07,False,Entretenimiento
824,55,Comment,2021-01-15,False,Deportes
825,620,Comment,2020-08-01,False,Entretenimiento
826,1113,Comment,2022-09-10,False,Entretenimiento
827,805,Comment,2020-05-10,False,Deportes
828,943,Comment,2020-05-06,False,Deportes
829,1331,Comment,2022-11-21,False,Entretenimiento
830,987,Comment,2022-12-04,False,Noticias
831,1198,Comment,2022-09-25,False,Opinión
832,1058,Comment,2023-03-18,False,Noticias
833,1384,Comment,2023-11-26,False,Noticias
834,994,Comment,2020-10-28,False,Deportes
835,314,Comment,2024-12-19,False,Noticias
836,419,Comment,2023-06-13,False,Noticias
837,1036,Comment,2022-10-07,False,Deportes
838,615,Comment,2020-09-22,False,Opinión
839,482,Comment,2021-06-28,False,Opinión
840,1264,Comment,2021-06-20,False,Entretenimiento
841,45,Comment,2024-01-02,False,Noticias
842,1048,Comment,2021-10-07,False,Deportes
843,593,Comment,2021-02-22,False,Opinión
844,564,Comment,2020-07-19,False,Noticias
845,854,Comment,2020-04-22,False,Opinión
846,937,Comment,2021-04-11,False,Entretenimiento
847,621,Comment,2022-06-18,False,Entretenimiento
848,88,Comment,2021-05-15,False,Deportes
849,1481,Comment,2021-09-30,False,Entretenimiento
850,733,Comment,2024-02-16,False,Entretenimiento
851,1076,Comment,2024-03-16,False,Deportes
852,1344,Comment,2022-07-10,False,Deportes
853,942,Comment,2023-03-11,False,Entretenimiento
854,1322,Comment,2024-04-01,False,Deportes
855,370,Comment,2021-09-05,False,Deportes
856,531,Comment,2024-07-01,False,Noticias
857,713,Comment,2021-08-11,False,Opinión
858,61,Comment,2022-11-06,False,Noticias
859,218,Comment,2024-08-26,False,Deportes
860,485,Comment,2022-11-26,False,Deportes
861,787,Comment,2022-02-19,False,Opinión
862,1254,Comment,2020-07-12,False,Entretenimiento
863,150,Comment,2021-07-01,False,Entretenimiento
864,61,Comment,2022-10-25,False,Noticias
865,921,Comment,2020-06-06,False,Opinión
866,401,Comment,2023-08-11,False,Noticias
867,462,Comment,2020-08-20,False,Deportes
868,1083,Comment,2020-12-23,False,Noticias
869,198,Comment,2022-08-14,False,Opinión
870,737,Comment,2024-09-26,False,Deportes
871,380,Comment,2022-04-19,False,Opinión
872,425,Comment,2021-06-18,False,Entretenimiento
873,731,Comment,2024-01-16,False,Entretenimiento
874,138,Comment,2020-07-17,False,Deportes
875,161,Comment,2024-04-12,False,Entretenimiento
876,1022,Comment,2024-09-28,False,Entretenimiento
877,459,Comment,2024-11-28,False,Noticias
878,733,Comment,2023-05-17,False,Entretenimiento
879,154,Comment,2020-08-12,False,Entretenimiento
880,1061,Comment,2024-10-29,False,Opinión
881,1119,Comment,2024-05-22,False,Deportes
882,62,Comment,2022-08-23,False,Entretenimiento
883,686,Comment,2024-05-17,False,Entretenimiento
884,676,Comment,2020-08-02,False,Entretenimiento
885,1155,Comment,2020-07-30,False,Opinión
886,1226,Comment,2020-05-11,False,Deportes
887,1482,Comment,2020-11-02,False,Noticias
888,1040,Comment,2021-03-05,False,Entretenimiento
889,622,Comment,2021-06-18,False,Deportes
890,402,Comment,2021-11-04,False,Entretenimiento
891,38,Comment,2021-10-07,False,Entretenimiento
892,773,Comment,2021-01-29,False,Entretenimiento
893,237,Comment,2021-12-10,False,Noticias
894,703,Comment,2020-05-11,False,Entretenimiento
895,476,Comment,2023-10-13,False,Deportes
896,846,Comment,2024-01-26,False,Entretenimiento
897,31,Comment,2023-07-10,False,Entretenimiento
898,117,Comment,2020-09-24,False,Noticias
899,90,Comment,2022-11-24,False,Entretenimiento
900,266,Comment,2023-02-04,False,Noticias
901,157,Comment,2024-01-18,False,Opinión
902,732,Comment,2025-01-25,False,Opinión
903,600,Comment,2020-05-07,False,Opinión
904,1109,Comment,2023-01-11,False,Entretenimiento
905,842,Comment,2024-08-23,False,Noticias
906,281,Comment,2024-07-01,False,Entretenimiento
907,432,Comment,2023-09-22,False,Deportes
908,74,Comment,2024-08-13,False,Deportes
909,930,Comment,2024-04-29,False,Noticias
910,554,Comment,2023-10-17,False,Noticias
911,123,Comment,2023-01-16,False,Deportes
912,784,Comment,2022-10-31,False,Entretenimiento
913,422,Comment,2023-07-12,False,Entretenimiento
914,1353,Comment,2020-06-09,False,Noticias
915,1247,Comment,2023-09-03,False,Noticias
916,1211,Comment,2023-02-24,False,Entretenimiento
917,1487,Comment,2020-09-29,False,Noticias
918,117,Comment,2021-04-17,False,Deportes
919,589,Comment,2024-01-07,False,Deportes
920,1164,Comment,2024-12-09,False,Noticias
921,958,Comment,2024-06-21,False,Entretenimiento
922,1398,Comment,2021-09-07,False,Deportes
923,1112,Comment,2021-02-23,False,Entretenimiento
924,562,Comment,2022-03-10,False,Noticias
925,1246,Comment,2024-07-01,False,Noticias
926,658,Comment,2020-05-23,False,Entretenimiento
927,948,Comment,2024-05-16,False,Deportes
928,76,Comment,2024-07-27,False,Noticias
929,837,Comment,2020-04-21,False,Noticias
930,1250,Comment,2024-05-10,False,Opinión
931,369,Comment,2022-09-11,False,Deportes
932,261,Comment,2024-08-04,False,Deportes
933,1266,Comment,2021-08-09,False,Opinión
934,79,Comment,2021-11-28,False,Opinión
935,650,Comment,2023-06-04,False,Entretenimiento
936,531,Comment,2022-02-04,False,Noticias
937,1472,Comment,2021-01-18,False,Opinión
938,224,Comment,2020-03-01,False,Entretenimiento
939,159,Comment,2023-07-06,False,Opinión
940,1395,Comment,2022-09-05,False,Deportes
941,51,Comment,2021-07-22,False,Entretenimiento
942,1336,Comment,2024-01-24,False,Deportes
943,329,Comment,2025-01-17,False,Entretenimiento
944,53,Comment,2024-04-27,False,Deportes
945,642,Comment,2020-06-16,False,Entretenimiento
946,1460,Comment,2020-09-18,False,Opinión
947,1194,Comment,2020-08-17,False,Opinión
948,161,Comment,2020-05-08,False,Noticias
949,1032,Comment,2020-09-14,False,Entretenimiento
950,249,Comment,2024-05-30,False,Entretenimiento
951,968,Comment,2020-03-03,False,Noticias
952,400,Comment,2021-08-27,False,Entretenimiento
953,498,Comment,2024-02-19,False,Deportes
954,237,Comment,2021-04-16,False,Opinión
955,721,Comment,2023-03-21,False,Entretenimiento
956,1339,Comment,2024-10-17,False,Opinión
957,858,Comment,2021-05-28,False,Deportes
958,502,Comment,2020-04-04,False,Opinión
959,534,Comment,2023-11-26,False,Entretenimiento
960,837,Comment,2020-08-31,False,Opinión
961,1013,Comment,2021-12-25,False,Noticias
962,32,Comment,2025-02-25,False,Entretenimiento
963,1136,Comment,2023-04-01,False,Opinión
964,70,Comment,2021-11-25,False,Noticias
965,1055,Comment,2023-10-31,False,Noticias
966,262,Comment,2024-05-14,False,Deportes
967,244,Comment,2020-06-12,False,Noticias
968,1263,Comment,2021-08-20,False,Entretenimiento
969,727,Comment,2024-04-21,False,Opinión
970,893,Comment,2020-10-08,False,Deportes
971,376,Comment,2024-03-04,False,Opinión
972,1216,Comment,2020-10-07,False,Deportes
973,899,Comment,2024-01-05,False,Entretenimiento
974,476,Comment,2022-11-28,False,Deportes
975,1061,Comment,2024-11-30,False,Opinión
976,662,Comment,2024-02-11,False,Entretenimiento
977,86,Comment,2021-09-30,False,Deportes
978,644,Comment,2023-07-09,False,Entretenimiento
979,590,Comment,2022-01-25,False,Entretenimiento
980,591,Comment,2022-06-07,False,Deportes
981,1365,Comment,2024-06-03,False,Deportes
982,1131,Comment,2023-08-10,False,Noticias
983,1226,Comment,2023-06-21,False,Entretenimiento
984,14,Comment,2024-11-24,False,Noticias
985,417,Comment,2024-02-22,False,Entretenimiento
986,1067,Comment,2021-05-21,False,Deportes
987,1467,Comment,2021-02-21,False,Entretenimiento
988,178,Comment,2021-11-15,False,Deportes
989,162,Comment,2020-06-03,False,Entretenimiento
990,321,Comment,2023-08-10,False,Opinión
991,1051,Comment,2024-02-05,False,Opinión
992,206,Comment,2021-08-09,False,Noticias
993,1144,Comment,2024-09-19,False,Noticias
994,281,Comment,2021-10-23,False,Entretenimiento
995,401,Comment,2021-01-15,False,Noticias
996,384,Comment,2022-10-05,False,Entretenimiento
997,1301,Comment,2023-04-28,False,Entretenimiento
998,439,Comment,2020-10-27,False,Entretenimiento
999,1143,Comment,2020-11-18,False,Deportes
1000,857,Comment,2024-08-15,False,Entretenimiento
