usuario_id,grupo_id,desde,rol,activo
354,1,2023-04-30,Administrador,True
1439,2,2023-10-20,Administrador,True
740,3,2023-01-27,Administrador,True
749,4,2021-08-30,Administrador,True
104,5,2021-05-08,Moderador,False
1116,6,2024-01-10,Miembro,True
652,7,2024-11-15,Moderador,True
817,8,2021-03-18,Miembro,True
571,9,2021-10-06,Moderador,True
1447,10,2023-08-08,Miembro,True
991,11,2021-05-17,Administrador,True
1031,12,2022-05-08,Moderador,False
316,13,2024-10-27,Administrador,False
537,14,2020-03-30,Miembro,False
1147,15,2022-06-02,Administrador,False
1110,16,2023-11-03,Moderador,True
907,17,2024-03-31,Miembro,True
491,18,2024-02-23,Administrador,False
285,19,2022-01-05,Miembro,True
665,20,2021-11-05,Administrador,False
49,21,2024-11-18,Moderador,False
1427,22,2022-03-02,Administrador,True
761,23,2025-02-10,Moderador,True
108,24,2023-01-16,Administrador,False
265,25,2020-08-11,Miembro,True
313,26,2021-06-09,Miembro,True
1331,27,2024-02-05,Miembro,True
526,28,2024-12-02,Miembro,True
741,29,2023-06-10,Administrador,False
1410,30,2021-06-27,Miembro,False
1224,31,2023-06-07,Administrador,False
1,32,2021-11-13,Miembro,True
642,33,2021-01-27,Miembro,True
1405,34,2022-05-26,Miembro,True
216,35,2020-11-30,Administrador,False
689,36,2022-02-04,Miembro,False
175,37,2022-11-06,Moderador,True
1058,38,2020-06-10,Administrador,True
1003,39,2021-10-17,Miembro,True
1467,40,2023-12-27,Moderador,True
265,41,2024-08-10,Moderador,True
902,42,2022-10-26,Administrador,False
832,43,2020-11-04,Miembro,False
94,44,2022-09-14,Miembro,False
225,45,2020-10-03,Administrador,True
29,46,2021-08-27,Miembro,True
102,47,2020-04-15,Administrador,False
1195,48,2020-09-20,Moderador,True
701,49,2020-10-12,Moderador,True
18,50,2025-02-06,Administrador,True
747,51,2020-05-11,Administrador,True
1360,52,2023-06-05,Administrador,True
568,53,2024-05-08,Administrador,False
1010,54,2024-04-16,Moderador,False
1156,55,2022-02-09,Moderador,False
1036,56,2023-09-15,Administrador,False
1272,57,2024-10-13,Miembro,False
1433,58,2022-11-13,Administrador,True
171,59,2021-08-22,Moderador,True
841,60,2022-02-26,Administrador,False
798,61,2024-01-08,Moderador,False
1374,62,2022-10-16,Administrador,True
378,63,2024-02-07,Moderador,False
458,64,2023-09-09,Administrador,True
1051,65,2021-03-11,Administrador,True
1222,66,2021-02-19,Moderador,False
783,67,2022-12-30,Administrador,True
600,68,2023-01-24,Moderador,False
1037,69,2024-09-03,Moderador,True
807,70,2022-07-24,Moderador,True
873,71,2025-02-13,Miembro,False
901,72,2024-03-20,Moderador,False
1418,73,2021-10-10,Administrador,False
676,74,2024-06-19,Miembro,False
63,75,2022-09-25,Moderador,False
231,76,2020-03-27,Moderador,True
409,77,2020-03-06,Miembro,False
365,78,2024-07-27,Miembro,False
958,79,2021-02-05,Miembro,True
1061,80,2020-10-15,Miembro,True
323,81,2020-09-06,Moderador,True
668,82,2023-03-09,Moderador,False
571,83,2021-05-09,Miembro,True
993,84,2020-12-04,Moderador,True
355,85,2021-07-31,Moderador,True
320,86,2022-05-27,Miembro,False
1083,87,2020-04-30,Administrador,True
61,88,2024-03-22,Administrador,False
1249,89,2023-10-02,Miembro,False
1329,90,2023-08-30,Miembro,False
1386,91,2024-04-02,Moderador,True
1390,92,2024-08-07,Administrador,True
777,93,2023-05-15,Administrador,False
852,94,2021-01-06,Miembro,False
1281,95,2024-09-03,Administrador,False
272,96,2023-06-18,Administrador,False
1401,97,2023-05-25,Miembro,False
1052,98,2022-08-13,Miembro,True
1427,99,2023-02-27,Administrador,True
307,100,2021-11-13,Miembro,True
465,101,2022-03-23,Administrador,True
989,102,2024-07-19,Administrador,False
1050,103,2021-11-06,Moderador,False
1167,104,2024-01-12,Moderador,False
1294,105,2022-01-31,Miembro,True
180,106,2021-11-21,Moderador,False
1476,107,2021-03-13,Administrador,True
24,108,2020-07-16,Miembro,True
113,109,2023-11-20,Moderador,True
1239,110,2022-09-20,Miembro,True
112,111,2023-11-17,Moderador,False
1468,112,2023-07-22,Miembro,False
1023,113,2020-05-14,Administrador,True
338,114,2021-10-17,Administrador,True
618,115,2020-11-19,Administrador,True
1283,116,2020-06-29,Administrador,True
958,117,2024-02-24,Administrador,True
565,118,2023-12-05,Miembro,True
41,119,2024-01-18,Moderador,False
1372,120,2021-10-10,Miembro,False
1386,121,2023-04-12,Miembro,True
250,122,2022-04-01,Miembro,False
1196,123,2022-02-27,Miembro,True
1298,124,2025-01-25,Moderador,True
1047,125,2023-08-21,Moderador,True
1041,126,2022-05-25,Administrador,True
1271,127,2020-10-29,Miembro,True
766,128,2022-06-14,Miembro,False
185,129,2022-10-12,Administrador,True
1051,130,2020-12-03,Moderador,True
958,131,2021-07-21,Moderador,True
1241,132,2024-03-29,Miembro,True
170,133,2023-04-18,Moderador,False
886,134,2024-03-26,Miembro,True
885,135,2024-12-28,Miembro,True
234,136,2024-09-16,Moderador,False
1327,137,2024-11-06,Administrador,False
1285,138,2020-04-09,Moderador,False
1218,139,2021-08-23,Administrador,True
939,140,2024-01-17,Administrador,True
1120,141,2021-05-04,Administrador,False
701,142,2020-08-21,Moderador,False
484,143,2021-10-30,Moderador,True
1447,144,2022-12-20,Moderador,True
765,145,2021-07-19,Miembro,True
875,146,2023-04-02,Moderador,True
1327,147,2020-10-06,Miembro,True
924,148,2021-06-19,Miembro,True
111,149,2020-02-28,Administrador,False
754,150,2024-08-31,Administrador,False
572,151,2024-01-05,Miembro,True
1260,152,2023-03-15,Administrador,False
43,153,2023-01-19,Administrador,True
973,154,2022-10-23,Moderador,True
687,155,2023-07-23,Moderador,True
654,156,2024-05-24,Miembro,True
976,157,2020-08-18,Administrador,True
265,158,2020-03-29,Moderador,False
994,159,2022-08-03,Miembro,True
1290,160,2024-03-10,Administrador,False
1366,161,2023-03-01,Administrador,False
1488,162,2024-10-23,Miembro,False
1042,163,2024-01-23,Miembro,False
697,164,2020-07-09,Miembro,True
1283,165,2020-12-30,Miembro,True
351,166,2021-04-13,Miembro,False
581,167,2024-07-25,Administrador,True
891,168,2020-04-26,Moderador,True
653,169,2024-12-06,Miembro,False
1005,170,2024-01-21,Miembro,True
302,171,2020-06-06,Miembro,False
405,172,2021-10-13,Miembro,True
145,173,2022-06-27,Moderador,False
1167,174,2020-12-31,Moderador,True
320,175,2021-03-06,Miembro,True
217,176,2023-06-27,Moderador,True
72,177,2021-10-27,Moderador,True
1115,178,2024-09-26,Administrador,False
87,179,2023-09-19,Administrador,False
1162,180,2020-10-12,Moderador,True
336,181,2020-06-14,Administrador,True
102,182,2020-12-04,Administrador,True
1143,183,2020-03-24,Administrador,False
17,184,2024-08-29,Administrador,False
100,185,2021-11-08,Miembro,True
452,186,2020-08-10,Administrador,True
208,187,2021-01-11,Administrador,True
264,188,2023-04-25,Miembro,True
818,189,2021-10-20,Miembro,False
60,190,2023-01-27,Miembro,True
1011,191,2021-04-29,Moderador,False
147,192,2023-12-21,Miembro,False
1192,193,2024-11-20,Miembro,False
271,194,2020-05-04,Administrador,True
964,195,2020-07-15,Administrador,True
1423,196,2022-12-07,Moderador,False
880,197,2023-08-18,Administrador,False
1244,198,2020-06-21,Miembro,True
99,199,2024-06-24,Miembro,True
163,200,2024-09-07,Administrador,True
907,201,2023-08-16,Administrador,True
555,202,2021-10-16,Moderador,False
5,203,2024-11-24,Miembro,False
1178,204,2022-08-10,Miembro,False
1201,205,2020-11-17,Miembro,True
677,206,2023-06-04,Administrador,True
124,207,2021-05-06,Miembro,False
431,208,2024-10-13,Administrador,True
633,209,2022-10-21,Administrador,False
1085,210,2021-01-20,Miembro,False
662,211,2022-05-18,Miembro,True
609,212,2022-05-22,Moderador,True
8,213,2023-11-19,Miembro,True
138,214,2022-07-19,Administrador,False
997,215,2023-06-18,Miembro,False
216,216,2020-05-26,Miembro,True
118,217,2023-03-19,Moderador,False
503,218,2024-05-14,Moderador,True
726,219,2025-01-29,Administrador,False
1398,220,2021-07-26,Miembro,True
875,221,2022-04-08,Moderador,True
981,222,2021-07-31,Moderador,False
1091,223,2020-09-08,Moderador,True
257,224,2024-10-07,Administrador,True
787,225,2021-11-01,Moderador,True
626,226,2025-01-05,Administrador,True
551,227,2022-11-24,Administrador,False
1271,228,2024-03-30,Moderador,True
1039,229,2023-09-08,Administrador,False
831,230,2024-09-26,Moderador,False
521,231,2023-01-30,Administrador,False
457,232,2021-10-28,Administrador,True
1329,233,2024-08-26,Miembro,True
873,234,2022-02-15,Miembro,True
962,235,2021-10-07,Administrador,True
611,236,2022-12-08,Miembro,False
266,237,2023-05-06,Administrador,True
136,238,2021-03-23,Moderador,True
920,239,2022-06-05,Miembro,False
1089,240,2021-02-09,Administrador,True
424,241,2023-02-07,Miembro,True
997,242,2020-11-09,Miembro,True
572,243,2024-02-12,Moderador,False
649,244,2024-11-15,Miembro,True
187,245,2023-07-28,Moderador,False
117,246,2022-02-24,Moderador,False
918,247,2020-12-30,Administrador,True
211,248,2024-10-11,Moderador,True
1350,249,2025-02-08,Miembro,True
907,250,2021-09-05,Administrador,False
927,251,2024-02-03,Administrador,True
1375,252,2024-07-24,Administrador,True
562,253,2023-05-21,Moderador,True
575,254,2024-11-28,Miembro,True
264,255,2023-04-07,Moderador,True
54,256,2023-08-30,Miembro,False
545,257,2024-07-06,Miembro,True
1041,258,2024-02-21,Moderador,True
1226,259,2024-12-28,Moderador,False
971,260,2023-06-04,Moderador,False
286,261,2024-01-07,Moderador,True
1480,262,2021-11-15,Miembro,True
252,263,2024-02-10,Miembro,True
731,264,2023-03-28,Moderador,True
175,265,2023-05-30,Miembro,False
563,266,2024-09-12,Miembro,False
28,267,2024-07-31,Administrador,False
756,268,2020-06-06,Miembro,False
1370,269,2024-07-22,Miembro,False
957,270,2022-11-23,Miembro,True
829,271,2023-08-16,Miembro,False
1205,272,2023-11-13,Miembro,False
1179,273,2023-02-13,Moderador,True
944,274,2021-05-15,Moderador,False
517,275,2021-02-28,Administrador,False
1282,276,2023-05-24,Administrador,True
116,277,2022-01-04,Moderador,False
1491,278,2022-09-27,Administrador,True
122,279,2024-08-16,Moderador,False
968,280,2024-03-14,Miembro,False
1288,281,2024-11-07,Moderador,False
1091,282,2023-05-17,Administrador,True
1374,283,2022-06-10,Moderador,True
652,284,2024-08-02,Miembro,True
395,285,2020-05-09,Moderador,False
390,286,2021-03-20,Administrador,True
998,287,2020-08-03,Moderador,True
1470,288,2022-12-16,Moderador,False
518,289,2021-02-21,Miembro,True
299,290,2020-12-10,Miembro,True
942,291,2024-06-15,Miembro,False
1156,292,2022-07-29,Moderador,False
457,293,2021-05-01,Moderador,False
650,294,2023-05-06,Miembro,True
982,295,2022-09-28,Administrador,False
1428,296,2021-03-16,Miembro,False
1338,297,2020-03-11,Moderador,False
1497,298,2021-06-27,Moderador,False
48,299,2021-05-25,Administrador,True
677,300,2020-07-31,Moderador,False
567,301,2023-04-07,Miembro,False
931,302,2024-09-12,Administrador,False
246,303,2022-03-10,Administrador,False
311,304,2022-11-22,Administrador,True
473,305,2025-01-26,Moderador,True
1433,306,2022-11-25,Administrador,True
123,307,2024-03-16,Administrador,False
1079,308,2024-11-08,Administrador,False
257,309,2024-08-08,Miembro,True
1381,310,2020-05-02,Moderador,True
568,311,2024-09-07,Administrador,True
307,312,2022-01-19,Miembro,True
1319,313,2023-02-06,Miembro,False
1097,314,2021-04-17,Moderador,False
448,315,2023-05-10,Miembro,False
1164,316,2021-08-16,Administrador,False
106,317,2023-12-17,Administrador,True
1225,318,2022-03-26,Moderador,False
731,319,2024-09-26,Administrador,False
1270,320,2021-09-07,Administrador,True
619,321,2023-11-29,Moderador,True
312,322,2023-07-11,Administrador,True
204,323,2020-04-16,Administrador,False
1381,324,2023-11-12,Miembro,False
749,325,2024-01-12,Miembro,False
930,326,2020-06-16,Administrador,True
1433,327,2023-07-16,Miembro,False
153,328,2021-05-22,Moderador,False
1030,329,2023-04-08,Administrador,False
1160,330,2020-03-10,Administrador,False
111,331,2020-11-02,Moderador,True
1401,332,2024-02-29,Moderador,True
490,333,2021-07-31,Moderador,True
905,334,2023-08-02,Moderador,True
887,335,2020-12-27,Miembro,False
581,336,2020-12-14,Administrador,True
782,337,2024-09-25,Administrador,False
1168,338,2020-09-02,Moderador,False
848,339,2022-12-04,Moderador,True
138,340,2023-11-15,Moderador,False
300,341,2020-08-30,Moderador,False
781,342,2023-05-10,Administrador,False
667,343,2025-01-10,Moderador,False
577,344,2022-03-04,Miembro,False
1406,345,2021-09-09,Administrador,True
9,346,2022-03-28,Administrador,False
10,347,2021-05-01,Miembro,False
814,348,2021-10-20,Moderador,False
122,349,2023-10-27,Administrador,False
1396,350,2024-04-28,Miembro,True
1434,351,2022-03-13,Moderador,True
280,352,2023-07-22,Moderador,False
229,353,2023-01-17,Miembro,True
677,354,2022-04-30,Miembro,True
809,355,2020-07-23,Moderador,True
1478,356,2020-11-06,Administrador,True
1270,357,2024-12-09,Administrador,True
1487,358,2024-03-16,Moderador,True
816,359,2021-12-21,Moderador,True
651,360,2021-03-02,Moderador,True
1443,361,2020-09-29,Administrador,True
331,362,2020-11-30,Administrador,True
251,363,2021-08-07,Moderador,True
1208,364,2020-05-06,Miembro,False
642,365,2021-05-11,Administrador,True
822,366,2024-02-07,Moderador,True
1072,367,2021-08-04,Miembro,True
1232,368,2021-08-31,Administrador,False
4,369,2021-02-12,Moderador,True
655,370,2023-07-05,Moderador,True
378,371,2022-03-19,Moderador,False
97,372,2020-09-21,Miembro,False
143,373,2024-04-22,Administrador,True
307,374,2022-08-31,Administrador,False
700,375,2020-12-18,Miembro,False
960,376,2022-01-17,Moderador,False
713,377,2024-10-23,Administrador,True
832,378,2024-12-27,Moderador,True
897,379,2021-03-30,Administrador,False
1454,380,2023-12-25,Administrador,False
691,381,2022-03-20,Miembro,False
623,382,2022-01-21,Miembro,True
943,383,2022-07-12,Miembro,True
851,384,2020-04-14,Administrador,False
1457,385,2023-01-03,Administrador,False
1165,386,2024-09-26,Administrador,True
775,387,2023-07-07,Miembro,False
1420,388,2022-03-26,Administrador,False
1338,389,2022-11-16,Moderador,True
668,390,2022-08-16,Administrador,True
952,391,2023-11-13,Moderador,False
1153,392,2025-02-17,Administrador,True
565,393,2021-09-23,Administrador,False
1443,394,2022-04-11,Miembro,True
1456,395,2021-05-03,Moderador,True
22,396,2023-06-01,Miembro,True
1132,397,2023-10-22,Administrador,False
1320,398,2021-05-03,Miembro,False
1170,399,2022-05-06,Administrador,True
720,400,2021-06-13,Administrador,False
921,401,2025-02-05,Miembro,True
1011,402,2023-10-07,Miembro,True
771,403,2023-05-10,Administrador,False
872,404,2022-01-18,Administrador,False
1405,405,2020-04-19,Administrador,True
1331,406,2023-12-20,Administrador,True
968,407,2022-07-06,Administrador,True
391,408,2021-04-09,Administrador,False
1015,409,2023-06-06,Administrador,True
1446,410,2023-10-02,Miembro,True
1282,411,2021-11-19,Moderador,False
1275,412,2021-12-12,Moderador,True
1015,413,2024-06-02,Moderador,True
604,414,2020-11-13,Administrador,False
859,415,2021-08-20,Moderador,False
123,416,2021-05-31,Miembro,True
1092,417,2024-08-22,Moderador,False
513,418,2020-05-19,Administrador,True
851,419,2020-03-25,Miembro,False
490,420,2021-09-23,Miembro,False
93,421,2022-01-17,Moderador,False
1089,422,2024-03-03,Administrador,True
694,423,2020-08-15,Moderador,False
1407,424,2023-08-23,Moderador,True
380,425,2020-05-02,Administrador,True
610,426,2021-10-25,Miembro,True
1137,427,2020-10-04,Administrador,False
1499,428,2022-08-02,Miembro,False
1308,429,2020-09-19,Moderador,True
775,430,2024-01-19,Moderador,False
95,431,2022-03-29,Administrador,False
69,432,2022-04-09,Moderador,False
1173,433,2023-06-20,Miembro,False
1362,434,2021-02-09,Miembro,False
1438,435,2021-07-07,Miembro,True
309,436,2022-02-22,Moderador,False
1315,437,2022-01-01,Administrador,False
1203,438,2021-11-14,Moderador,True
293,439,2024-10-22,Administrador,True
734,440,2020-12-04,Miembro,True
80,441,2024-10-24,Administrador,False
1373,442,2022-05-04,Miembro,False
689,443,2023-01-27,Administrador,False
4,444,2022-07-13,Moderador,False
572,445,2025-02-10,Moderador,False
1464,446,2023-11-29,Administrador,True
356,447,2023-02-21,Miembro,True
896,448,2020-11-04,Miembro,False
1433,449,2023-01-06,Administrador,False
395,450,2021-06-30,Moderador,False
275,451,2022-03-16,Administrador,False
1187,452,2024-08-29,Administrador,True
323,453,2023-01-21,Miembro,False
266,454,2024-12-03,Administrador,False
1175,455,2025-01-16,Moderador,True
925,456,2023-11-22,Administrador,True
1042,457,2021-06-09,Administrador,False
549,458,2023-02-11,Administrador,True
1147,459,2020-05-01,Administrador,True
886,460,2023-05-29,Moderador,True
1390,461,2024-01-15,Administrador,False
173,462,2020-10-18,Administrador,True
760,463,2022-01-23,Moderador,False
285,464,2021-05-11,Moderador,False
418,465,2021-04-14,Miembro,True
404,466,2022-01-09,Moderador,False
1103,467,2023-12-26,Administrador,False
9,468,2020-04-16,Administrador,False
393,469,2025-01-30,Miembro,False
506,470,2020-04-16,Administrador,False
842,471,2022-03-07,Moderador,False
1010,472,2021-01-15,Administrador,True
682,473,2022-03-12,Moderador,False
200,474,2022-10-13,Administrador,False
242,475,2023-06-26,Miembro,True
895,476,2022-10-23,Administrador,False
985,477,2022-08-19,Administrador,True
966,478,2022-02-01,Miembro,True
39,479,2020-03-28,Administrador,True
317,480,2020-11-11,Administrador,False
1088,481,2022-12-14,Moderador,True
1011,482,2022-01-30,Administrador,True
1483,483,2022-01-14,Moderador,False
64,484,2025-01-26,Moderador,False
393,485,2023-01-03,Moderador,True
1021,486,2024-12-02,Miembro,False
256,487,2022-01-23,Miembro,True
293,488,2021-10-05,Miembro,True
246,489,2021-04-16,Moderador,True
475,490,2023-10-04,Moderador,True
419,491,2023-03-23,Miembro,True
44,492,2020-06-26,Miembro,True
1229,493,2020-04-06,Moderador,False
9,494,2021-02-26,Administrador,False
518,495,2021-08-20,Administrador,False
63,496,2024-08-22,Miembro,True
521,497,2020-10-02,Moderador,False
60,498,2024-06-13,Moderador,False
920,499,2022-10-10,Miembro,False
1373,500,2024-09-08,Moderador,True
580,501,2022-01-15,Miembro,True
376,502,2023-06-13,Moderador,False
870,503,2022-09-14,Miembro,True
1280,504,2022-12-28,Moderador,False
1444,505,2020-09-06,Administrador,False
164,506,2022-04-03,Administrador,True
305,507,2020-08-06,Administrador,True
446,508,2020-08-21,Administrador,False
396,509,2023-06-13,Moderador,False
257,510,2024-02-12,Miembro,True
1048,511,2025-01-17,Miembro,True
1137,512,2020-09-24,Administrador,False
175,513,2021-11-17,Administrador,False
642,514,2022-07-27,Administrador,True
69,515,2023-08-17,Administrador,False
340,516,2024-11-27,Administrador,True
530,517,2020-06-27,Administrador,False
1103,518,2023-05-26,Miembro,True
110,519,2020-05-21,Moderador,True
257,520,2023-06-02,Administrador,True
677,521,2023-02-07,Miembro,False
1202,522,2023-07-08,Administrador,True
365,523,2020-09-13,Miembro,False
1439,524,2021-05-20,Administrador,False
749,525,2021-02-08,Administrador,False
1292,526,2024-05-06,Administrador,False
442,527,2022-10-19,Miembro,False
839,528,2024-03-02,Administrador,False
13,529,2021-05-01,Moderador,True
200,530,2023-08-30,Moderador,True
859,531,2024-04-11,Administrador,False
1196,532,2021-09-06,Moderador,False
408,533,2021-12-15,Administrador,True
176,534,2022-09-26,Administrador,True
1416,535,2020-06-25,Miembro,True
590,536,2023-11-05,Moderador,False
1346,537,2024-09-27,Administrador,True
922,538,2024-10-19,Administrador,True
1023,539,2023-11-23,Miembro,False
1009,540,2024-05-16,Miembro,True
1184,541,2021-06-03,Administrador,True
1268,542,2024-03-31,Miembro,True
370,543,2023-01-12,Administrador,True
248,544,2021-11-03,Administrador,True
283,545,2024-10-24,Miembro,False
308,546,2023-09-15,Miembro,False
1405,547,2023-06-20,Administrador,False
251,548,2024-10-28,Moderador,True
1160,549,2024-04-15,Miembro,True
334,550,2020-08-15,Moderador,False
186,551,2023-12-08,Moderador,False
1229,552,2021-12-03,Miembro,False
88,553,2022-09-13,Moderador,False
224,554,2021-03-20,Administrador,False
1426,555,2021-01-08,Moderador,True
268,556,2024-09-21,Miembro,True
810,557,2020-04-16,Miembro,False
240,558,2024-06-29,Moderador,False
78,559,2021-11-21,Miembro,False
1085,560,2021-01-28,Administrador,False
570,561,2023-07-14,Moderador,False
1304,562,2024-06-13,Administrador,False
1361,563,2021-04-19,Moderador,False
1387,564,2021-11-06,Miembro,True
579,565,2024-05-23,Miembro,True
1382,566,2025-01-21,Miembro,True
1265,567,2023-04-25,Administrador,True
382,568,2022-03-26,Miembro,True
1199,569,2022-09-19,Moderador,False
1364,570,2021-04-16,Administrador,True
85,571,2020-05-26,Miembro,False
62,572,2022-12-15,Moderador,False
236,573,2023-08-25,Moderador,False
1349,574,2023-08-10,Moderador,True
788,575,2024-06-05,Administrador,False
882,576,2020-05-07,Administrador,True
130,577,2024-01-14,Miembro,False
421,578,2022-01-22,Moderador,True
1269,579,2023-03-15,Miembro,False
739,580,2021-08-12,Miembro,False
1009,581,2023-07-10,Miembro,True
838,582,2023-12-26,Administrador,False
407,583,2022-11-07,Miembro,False
852,584,2023-06-17,Miembro,False
1216,585,2023-02-25,Moderador,True
266,586,2021-08-27,Miembro,False
50,587,2024-09-26,Administrador,True
552,588,2020-03-20,Moderador,True
1360,589,2023-05-03,Administrador,False
690,590,2022-03-21,Administrador,True
192,591,2020-06-24,Administrador,False
15,592,2021-10-22,Moderador,False
1353,593,2023-07-14,Miembro,True
385,594,2021-02-28,Miembro,True
1014,595,2020-03-24,Moderador,True
801,596,2020-04-17,Administrador,True
1220,597,2022-06-09,Miembro,False
714,598,2023-11-07,Miembro,False
734,599,2020-04-28,Miembro,True
1422,600,2022-12-24,Administrador,True
620,556,2021-01-29,Moderador,True
286,335,2020-03-03,Moderador,False
1278,597,2020-05-07,Administrador,False
1050,600,2020-12-24,Miembro,False
318,355,2024-12-13,Miembro,True
1098,432,2023-01-22,Moderador,False
177,476,2020-03-07,Miembro,False
1404,379,2020-07-19,Miembro,False
1339,336,2024-11-23,Miembro,False
710,208,2024-02-23,Moderador,False
345,213,2021-08-05,Administrador,False
347,113,2023-07-08,Moderador,False
255,79,2022-06-18,Administrador,True
119,378,2023-09-18,Moderador,False
1165,288,2021-05-16,Miembro,True
505,283,2023-12-24,Miembro,True
299,314,2021-01-07,Miembro,False
1416,169,2023-09-15,Administrador,True
770,326,2024-01-11,Miembro,False
845,331,2023-02-20,Administrador,False
732,418,2021-04-04,Miembro,True
716,414,2020-03-26,Moderador,True
1273,505,2023-03-24,Miembro,False
535,66,2025-01-12,Moderador,False
1346,347,2022-03-27,Moderador,True
991,460,2022-12-27,Administrador,False
1192,99,2022-05-22,Miembro,True
103,195,2020-10-26,Miembro,False
1050,390,2023-04-18,Moderador,True
991,32,2024-05-20,Miembro,True
844,579,2021-06-29,Administrador,False
57,577,2022-02-25,Miembro,True
1445,446,2025-01-29,Moderador,False
225,486,2024-05-15,Miembro,True
441,211,2022-05-13,Moderador,False
197,219,2021-09-22,Miembro,True
1297,494,2022-04-18,Miembro,False
181,222,2024-02-04,Miembro,True
885,600,2022-07-24,Miembro,True
1113,501,2021-06-03,Administrador,True
861,252,2022-12-02,Moderador,False
367,494,2024-10-02,Moderador,True
98,553,2020-12-20,Administrador,False
99,39,2025-02-04,Miembro,True
1276,114,2022-11-03,Miembro,False
159,414,2024-05-02,Administrador,False
556,467,2022-10-14,Administrador,False
1067,551,2023-10-19,Miembro,False
1117,247,2022-12-04,Miembro,True
1297,84,2020-11-30,Moderador,False
1105,309,2025-01-14,Administrador,False
1477,270,2024-09-07,Miembro,False
294,14,2022-09-04,Miembro,True
613,476,2023-10-03,Moderador,False
1389,530,2023-05-04,Administrador,True
777,88,2023-05-17,Moderador,False
1003,252,2021-12-13,Administrador,True
809,435,2021-02-02,Administrador,False
1000,116,2023-07-10,Administrador,True
583,288,2020-05-27,Administrador,False
784,302,2021-11-19,Moderador,True
727,376,2021-09-21,Miembro,False
648,378,2024-12-02,Moderador,False
12,349,2024-11-11,Administrador,True
389,207,2024-07-02,Administrador,True
656,111,2022-05-07,Moderador,True
467,26,2024-09-13,Moderador,True
211,187,2025-01-08,Administrador,True
1075,351,2024-04-07,Miembro,True
524,88,2024-11-24,Miembro,False
1260,38,2022-09-24,Moderador,True
801,477,2021-01-17,Miembro,False
179,327,2024-05-09,Miembro,False
1441,563,2021-03-24,Administrador,False
373,116,2023-10-25,Moderador,True
31,518,2022-01-29,Moderador,True
398,179,2023-03-08,Administrador,True
193,113,2021-04-15,Miembro,True
1315,472,2024-07-26,Administrador,False
126,377,2024-11-02,Administrador,True
1008,240,2021-04-28,Moderador,False
1234,536,2024-06-04,Moderador,False
1452,562,2020-03-29,Administrador,True
1377,60,2024-08-27,Administrador,False
1074,186,2021-07-09,Moderador,False
681,15,2021-12-24,Miembro,True
884,243,2020-12-24,Miembro,False
1475,243,2022-10-22,Miembro,False
1217,553,2021-10-16,Moderador,False
1282,355,2020-06-23,Miembro,True
1472,181,2021-06-12,Administrador,False
415,507,2023-02-15,Moderador,False
1070,147,2021-06-02,Administrador,True
1377,267,2020-06-28,Miembro,True
1426,280,2020-04-01,Miembro,True
1351,458,2021-03-25,Miembro,True
180,355,2025-01-16,Moderador,True
455,595,2024-07-19,Miembro,True
1294,485,2020-05-30,Moderador,False
782,285,2022-08-14,Moderador,True
1358,177,2021-07-12,Miembro,True
386,34,2023-09-05,Administrador,False
634,167,2025-01-13,Miembro,True
1126,251,2024-10-22,Miembro,True
637,588,2020-07-15,Administrador,True
859,579,2024-10-06,Moderador,False
76,418,2024-03-22,Miembro,False
284,80,2024-10-10,Administrador,True
886,441,2021-08-17,Administrador,True
762,178,2022-11-03,Administrador,True
371,278,2022-03-01,Administrador,False
503,535,2022-05-18,Miembro,False
773,452,2023-05-12,Miembro,False
1231,81,2024-05-13,Moderador,False
753,299,2020-02-27,Miembro,True
444,33,2025-02-21,Administrador,True
756,70,2025-02-18,Miembro,True
64,40,2023-12-05,Miembro,True
682,566,2024-06-10,Administrador,True
221,260,2022-12-14,Moderador,True
613,141,2020-06-19,Moderador,False
139,346,2023-11-09,Administrador,False
253,198,2020-10-02,Moderador,False
788,386,2023-05-31,Miembro,True
904,200,2020-09-22,Administrador,False
689,446,2022-04-10,Moderador,False
248,578,2021-02-25,Miembro,True
353,302,2021-06-10,Administrador,True
607,44,2021-03-08,Miembro,True
981,141,2024-01-23,Moderador,True
1257,506,2024-08-22,Moderador,True
311,522,2024-09-10,Administrador,False
406,250,2024-09-13,Administrador,True
911,269,2024-07-30,Moderador,False
1263,550,2020-11-20,Administrador,False
847,185,2023-11-07,Moderador,False
903,486,2021-09-18,Moderador,False
1133,202,2023-06-28,Miembro,True
1308,540,2023-09-30,Administrador,False
928,209,2023-07-30,Miembro,False
304,389,2024-06-22,Moderador,False
1401,540,2024-03-16,Miembro,False
348,56,2022-06-09,Miembro,False
645,67,2021-05-05,Moderador,False
731,66,2021-07-07,Moderador,True
961,555,2022-03-01,Administrador,True
901,238,2022-02-02,Miembro,False
110,192,2024-08-30,Miembro,False
336,103,2022-08-06,Moderador,True
180,535,2022-09-29,Administrador,True
451,454,2022-10-21,Miembro,True
525,136,2023-07-21,Administrador,True
403,301,2020-09-25,Moderador,True
1274,59,2020-12-05,Moderador,True
358,149,2024-01-26,Administrador,True
63,161,2024-12-25,Moderador,True
1371,13,2022-11-06,Miembro,False
313,231,2022-09-20,Miembro,False
1120,281,2023-04-14,Moderador,False
570,62,2024-01-20,Moderador,True
406,459,2020-09-22,Moderador,False
115,367,2020-11-10,Moderador,False
1083,13,2023-11-27,Miembro,False
959,185,2020-03-29,Moderador,True
1177,260,2022-08-29,Moderador,True
108,586,2022-05-01,Administrador,True
408,202,2022-10-14,Administrador,True
180,358,2020-10-03,Miembro,True
1061,188,2023-03-31,Miembro,True
312,50,2021-10-15,Miembro,False
1459,111,2023-06-09,Moderador,True
811,294,2021-03-09,Moderador,False
112,527,2022-05-06,Miembro,False
1068,452,2023-01-01,Miembro,True
131,229,2020-10-06,Administrador,False
996,63,2024-10-04,Moderador,True
373,172,2022-01-04,Moderador,False
1269,202,2020-10-13,Miembro,True
1410,235,2022-02-07,Administrador,True
1264,378,2021-06-09,Moderador,True
782,231,2020-12-16,Miembro,False
1483,474,2024-08-19,Administrador,True
934,45,2021-02-01,Miembro,False
924,453,2023-05-12,Miembro,False
8,210,2024-03-06,Miembro,True
772,28,2020-06-28,Moderador,True
707,592,2022-09-20,Administrador,True
785,449,2025-02-11,Administrador,True
280,226,2021-01-13,Administrador,True
937,339,2023-03-19,Miembro,True
34,329,2023-07-01,Miembro,False
278,107,2021-01-27,Moderador,True
263,591,2020-03-31,Moderador,False
271,162,2020-08-25,Miembro,True
1176,541,2024-04-16,Administrador,False
640,278,2021-03-29,Moderador,True
397,234,2023-10-29,Moderador,True
1064,112,2020-09-05,Miembro,True
1435,386,2024-02-13,Administrador,False
105,388,2023-05-23,Miembro,False
439,428,2024-07-06,Administrador,True
423,532,2023-02-22,Miembro,False
1053,464,2020-10-02,Administrador,False
1023,482,2023-09-25,Moderador,True
153,31,2022-08-18,Administrador,True
1394,600,2020-08-20,Miembro,True
1338,166,2023-10-07,Miembro,False
1285,408,2022-08-08,Miembro,False
987,219,2020-06-08,Miembro,False
1237,380,2020-08-03,Moderador,True
1135,330,2023-01-06,Administrador,True
832,71,2024-11-03,Moderador,True
55,95,2022-08-08,Miembro,True
483,439,2022-08-28,Moderador,False
671,550,2023-02-08,Miembro,True
979,236,2021-01-11,Miembro,False
933,462,2021-04-18,Administrador,True
145,355,2024-06-05,Administrador,True
832,333,2021-08-11,Moderador,False
1315,530,2024-04-03,Moderador,False
1068,348,2021-05-06,Administrador,False
1435,234,2022-05-18,Administrador,True
749,488,2021-07-06,Moderador,False
472,228,2024-09-15,Administrador,False
1429,159,2024-10-12,Miembro,False
211,260,2020-10-17,Miembro,True
1182,112,2021-02-02,Miembro,False
1496,514,2023-10-01,Administrador,False
382,116,2023-10-31,Miembro,True
1003,373,2022-07-26,Administrador,False
578,513,2024-03-13,Administrador,False
359,35,2021-07-14,Moderador,False
1243,477,2022-06-13,Administrador,True
409,576,2024-08-13,Moderador,True
1050,84,2022-04-01,Administrador,True
814,374,2021-06-21,Administrador,False
1190,20,2022-11-02,Miembro,True
59,231,2022-11-21,Administrador,True
205,184,2024-05-13,Miembro,True
527,297,2022-09-15,Moderador,True
409,61,2024-11-04,Miembro,False
467,586,2023-04-07,Administrador,False
1201,590,2021-01-28,Administrador,True
1004,313,2022-01-06,Miembro,True
466,163,2021-11-27,Miembro,True
311,540,2024-05-26,Miembro,True
841,545,2023-02-22,Moderador,True
117,327,2025-02-04,Miembro,False
789,210,2025-01-27,Administrador,True
750,128,2021-11-03,Miembro,True
478,314,2022-01-20,Administrador,True
88,69,2022-04-30,Miembro,True
1339,52,2023-04-11,Miembro,False
307,174,2024-11-06,Administrador,False
1437,97,2021-09-29,Administrador,True
594,230,2021-11-30,Miembro,False
787,348,2024-10-25,Miembro,False
1439,563,2024-09-08,Moderador,False
1434,301,2020-11-26,Moderador,False
863,8,2024-06-04,Miembro,True
817,360,2024-04-23,Moderador,False
503,128,2021-02-07,Administrador,False
979,315,2023-07-14,Miembro,False
960,492,2022-04-21,Moderador,False
603,252,2023-05-31,Miembro,False
417,202,2023-11-21,Miembro,False
113,285,2023-01-31,Miembro,True
124,434,2023-10-31,Miembro,True
315,124,2024-12-06,Moderador,True
555,219,2021-04-23,Moderador,False
717,27,2021-09-12,Administrador,False
410,194,2022-10-15,Moderador,True
513,110,2024-01-13,Administrador,False
630,45,2023-08-12,Administrador,False
1127,167,2024-07-26,Moderador,False
1245,558,2020-06-04,Miembro,False
1408,115,2024-03-03,Administrador,False
589,149,2021-04-24,Miembro,False
518,232,2022-12-16,Moderador,False
1397,75,2024-02-21,Administrador,False
973,503,2025-01-02,Administrador,False
272,375,2023-12-01,Miembro,True
1434,573,2023-03-09,Miembro,False
696,516,2020-10-09,Administrador,False
1146,456,2021-10-07,Miembro,True
1170,404,2020-12-10,Moderador,False
1363,504,2022-11-27,Moderador,False
444,81,2022-07-10,Moderador,True
1360,479,2023-09-17,Administrador,False
88,442,2021-09-30,Administrador,False
1168,379,2023-10-02,Moderador,True
691,293,2024-05-24,Miembro,True
310,565,2023-09-29,Administrador,True
891,154,2021-06-09,Moderador,False
682,247,2021-01-13,Moderador,False
832,574,2021-12-31,Administrador,True
334,571,2023-11-04,Administrador,False
839,104,2020-04-04,Administrador,False
751,325,2023-11-03,Moderador,False
151,115,2021-05-29,Administrador,False
703,326,2022-07-30,Administrador,False
1056,222,2022-07-01,Administrador,True
192,358,2022-06-03,Moderador,True
1214,370,2024-02-09,Administrador,False
628,392,2021-09-17,Miembro,False
826,450,2024-05-24,Miembro,True
7,519,2021-04-20,Moderador,False
565,302,2022-10-20,Miembro,False
614,288,2023-03-03,Administrador,True
978,314,2022-11-23,Moderador,True
1420,571,2024-04-16,Administrador,False
1460,440,2023-06-21,Administrador,True
1052,277,2025-02-23,Administrador,True
879,595,2025-02-14,Moderador,True
750,449,2024-09-11,Administrador,False
1435,148,2024-05-26,Administrador,False
1141,31,2022-10-24,Moderador,True
1469,222,2020-09-22,Moderador,True
1076,431,2021-01-16,Miembro,False
530,480,2022-07-31,Moderador,True
1177,211,2024-08-25,Administrador,False
933,392,2022-04-11,Moderador,True
937,468,2021-11-15,Miembro,True
1289,25,2022-01-17,Miembro,True
1415,115,2023-07-14,Administrador,True
1238,47,2021-12-07,Miembro,True
45,94,2024-12-19,Moderador,False
65,80,2023-10-28,Moderador,True
579,305,2020-05-29,Moderador,True
55,33,2020-09-21,Miembro,False
262,134,2022-10-22,Moderador,False
331,310,2022-06-19,Miembro,False
460,55,2024-05-05,Moderador,False
1202,428,2021-02-11,Administrador,True
653,552,2023-04-03,Miembro,True
414,60,2025-01-25,Miembro,False
954,582,2025-01-11,Administrador,True
1397,515,2024-01-20,Moderador,False
411,594,2024-05-15,Moderador,False
700,392,2020-10-16,Moderador,True
297,401,2025-01-17,Miembro,True
917,380,2022-05-09,Administrador,False
1440,4,2022-06-23,Miembro,True
1173,5,2022-12-12,Administrador,True
574,469,2023-04-01,Administrador,False
1190,45,2023-06-29,Moderador,True
764,533,2020-10-27,Moderador,True
764,519,2022-05-24,Administrador,True
379,59,2020-06-25,Administrador,True
957,168,2024-01-07,Moderador,True
1319,75,2024-01-05,Moderador,True
881,527,2022-10-12,Administrador,False
77,413,2020-11-13,Moderador,False
389,111,2024-06-23,Miembro,True
1102,348,2022-07-19,Miembro,False
768,142,2021-01-11,Administrador,False
543,135,2021-05-13,Administrador,False
843,487,2023-05-22,Moderador,True
1320,46,2022-04-19,Miembro,True
386,388,2020-05-25,Administrador,True
1131,458,2022-12-03,Administrador,True
1121,582,2022-04-03,Moderador,True
1020,597,2023-03-26,Moderador,False
323,56,2021-04-21,Moderador,True
1216,92,2022-01-12,Administrador,False
950,361,2021-08-20,Administrador,True
1105,396,2021-04-20,Miembro,True
1019,469,2024-02-02,Administrador,False
1209,576,2023-08-09,Moderador,True
255,112,2025-02-22,Miembro,False
1296,48,2024-04-14,Administrador,False
1375,6,2021-10-09,Administrador,False
503,409,2020-08-27,Moderador,False
1011,20,2022-12-03,Moderador,True
216,529,2024-01-09,Moderador,True
669,434,2021-09-08,Moderador,True
468,75,2021-03-02,Moderador,False
363,126,2024-06-28,Administrador,False
497,314,2023-10-26,Moderador,True
20,559,2022-07-11,Moderador,False
1405,580,2023-01-08,Administrador,False
50,457,2022-01-13,Administrador,False
485,556,2021-04-03,Miembro,True
581,37,2023-11-10,Moderador,False
1461,600,2020-12-08,Miembro,False
1129,143,2023-07-29,Administrador,False
1042,243,2020-10-20,Moderador,False
179,408,2024-02-21,Miembro,False
1447,68,2022-05-06,Administrador,False
95,218,2025-01-09,Moderador,True
1203,359,2024-12-16,Moderador,True
78,1,2022-01-15,Administrador,False
600,422,2022-07-08,Moderador,True
571,533,2023-02-02,Miembro,False
1109,197,2021-07-16,Administrador,True
166,317,2021-07-26,Moderador,True
821,318,2023-12-15,Moderador,True
437,307,2021-01-01,Administrador,False
835,156,2024-07-21,Moderador,True
211,231,2020-03-30,Administrador,False
1229,573,2023-03-02,Moderador,False
861,541,2022-10-28,Moderador,True
1438,520,2022-05-26,Administrador,False
1362,141,2024-05-01,Miembro,True
618,527,2020-08-01,Moderador,False
1303,195,2020-08-16,Miembro,True
845,170,2023-09-10,Administrador,True
642,339,2024-11-26,Administrador,False
173,99,2024-08-27,Moderador,True
771,535,2024-04-10,Administrador,False
108,15,2022-03-02,Administrador,True
800,486,2020-03-11,Administrador,False
957,98,2021-05-07,Administrador,True
309,36,2024-12-08,Administrador,True
138,111,2023-09-14,Moderador,True
1070,192,2021-04-02,Administrador,True
714,381,2020-05-13,Administrador,False
576,119,2023-02-02,Administrador,True
1335,238,2023-08-18,Administrador,False
20,491,2022-04-01,Administrador,True
613,145,2022-02-17,Miembro,True
30,337,2023-06-24,Moderador,True
1345,165,2022-05-10,Miembro,False
1422,358,2020-07-23,Miembro,False
514,497,2025-01-27,Administrador,True
903,547,2024-01-01,Administrador,True
746,297,2023-08-17,Moderador,False
262,382,2021-05-26,Miembro,True
1430,124,2024-10-11,Miembro,True
1128,417,2021-07-10,Administrador,False
1434,329,2023-12-04,Miembro,True
981,40,2020-11-16,Miembro,False
434,4,2021-07-04,Moderador,False
912,87,2024-11-23,Moderador,True
569,265,2024-10-29,Miembro,False
220,236,2021-08-26,Moderador,True
1422,159,2023-08-23,Administrador,False
68,208,2022-03-27,Moderador,True
253,192,2021-03-13,Moderador,True
939,6,2020-04-26,Administrador,True
1006,437,2024-12-26,Miembro,True
1401,257,2023-08-10,Miembro,True
1411,413,2024-10-18,Miembro,False
866,563,2024-01-11,Administrador,False
1211,384,2021-08-14,Moderador,True
1176,97,2023-05-02,Miembro,True
823,140,2022-09-14,Administrador,True
868,441,2020-07-19,Moderador,True
1089,199,2023-11-23,Miembro,True
1112,469,2024-05-06,Administrador,True
726,7,2022-04-20,Administrador,True
1391,304,2024-09-26,Miembro,True
174,481,2024-08-29,Miembro,False
919,411,2020-10-11,Moderador,True
25,256,2023-09-08,Administrador,True
770,50,2024-06-21,Moderador,True
395,145,2021-06-11,Moderador,True
384,260,2020-03-29,Moderador,True
459,461,2022-07-11,Moderador,False
860,519,2021-12-27,Administrador,False
1037,170,2021-07-17,Moderador,True
521,495,2024-07-26,Miembro,False
286,289,2020-12-06,Moderador,True
679,597,2021-04-20,Moderador,False
1080,431,2024-01-30,Miembro,True
690,343,2024-04-12,Miembro,False
991,144,2022-01-03,Administrador,True
473,398,2021-02-11,Miembro,True
691,176,2024-01-10,Miembro,True
1216,84,2024-02-06,Administrador,False
284,492,2022-09-02,Administrador,False
1462,32,2021-08-01,Miembro,False
522,562,2024-03-31,Administrador,True
1104,191,2024-09-17,Miembro,True
392,82,2022-05-28,Administrador,False
1162,98,2021-10-06,Miembro,True
128,446,2024-03-21,Administrador,False
1466,356,2024-10-14,Miembro,True
723,108,2024-11-26,Moderador,False
1196,387,2024-02-26,Administrador,False
798,555,2021-07-07,Moderador,False
1006,108,2022-06-13,Administrador,False
933,107,2021-05-01,Moderador,True
1350,382,2024-01-28,Miembro,False
238,502,2023-02-15,Miembro,False
10,324,2024-05-31,Miembro,False
937,462,2020-11-03,Miembro,True
129,232,2022-06-22,Miembro,True
769,102,2020-05-13,Moderador,True
594,326,2023-05-28,Moderador,False
1091,393,2022-12-10,Moderador,True
1326,96,2020-08-22,Moderador,True
1211,382,2022-12-22,Administrador,False
462,15,2024-10-18,Miembro,True
526,67,2020-03-22,Moderador,True
622,396,2025-01-06,Miembro,True
1292,494,2023-04-19,Miembro,False
78,79,2021-12-23,Moderador,True
977,324,2021-01-24,Moderador,True
829,241,2023-10-16,Moderador,False
111,341,2022-09-08,Moderador,True
169,255,2023-11-27,Moderador,True
350,265,2020-07-22,Administrador,True
1106,280,2023-05-02,Administrador,False
948,89,2022-05-24,Moderador,False
843,582,2024-10-30,Administrador,True
598,563,2024-11-16,Miembro,False
118,268,2024-02-13,Moderador,True
821,109,2023-01-12,Moderador,True
442,188,2021-10-11,Moderador,True
568,504,2022-06-15,Miembro,True
1115,328,2020-06-16,Moderador,True
1491,16,2024-04-05,Moderador,True
836,446,2021-12-28,Administrador,True
399,99,2021-09-07,Miembro,True
264,595,2024-09-22,Administrador,False
522,428,2022-09-03,Administrador,False
1062,243,2023-02-01,Moderador,True
778,82,2023-05-09,Miembro,True
580,438,2024-10-09,Administrador,True
160,589,2024-07-03,Miembro,False
419,211,2025-01-13,Administrador,True
78,596,2022-02-25,Miembro,False
1340,356,2021-05-17,Administrador,True
311,575,2021-05-01,Miembro,True
14,591,2024-08-12,Moderador,False
456,310,2020-09-15,Administrador,True
1134,427,2024-03-26,Administrador,False
651,596,2020-11-22,Administrador,False
179,448,2020-06-14,Administrador,True
546,584,2024-10-26,Miembro,True
130,176,2021-09-28,Miembro,True
1286,13,2021-05-15,Administrador,True
1404,471,2024-10-16,Miembro,False
411,391,2021-03-03,Moderador,False
966,383,2024-12-17,Moderador,False
723,264,2022-06-07,Miembro,True
1214,335,2020-08-18,Administrador,True
334,461,2021-12-23,Administrador,False
16,311,2021-11-17,Moderador,False
658,391,2022-05-04,Moderador,True
229,428,2024-12-27,Miembro,False
1116,312,2024-03-27,Administrador,True
831,367,2024-01-17,Administrador,False
1212,65,2023-03-16,Moderador,False
232,391,2022-04-06,Administrador,False
38,355,2021-12-12,Miembro,False
904,226,2023-06-03,Administrador,False
1239,579,2023-12-02,Administrador,False
25,221,2024-10-07,Miembro,True
1033,145,2022-02-14,Moderador,False
1453,595,2023-03-11,Administrador,True
18,68,2024-07-11,Moderador,False
321,168,2024-11-02,Miembro,False
405,164,2022-07-21,Miembro,True
966,282,2023-01-20,Administrador,False
590,360,2022-06-25,Miembro,False
1358,8,2025-02-04,Miembro,True
1370,477,2020-06-05,Administrador,False
1166,49,2024-10-12,Miembro,False
1010,195,2023-08-23,Administrador,False
1191,469,2024-04-21,Administrador,True
1108,61,2024-08-13,Moderador,False
839,455,2020-12-15,Moderador,False
605,256,2021-12-07,Miembro,False
223,386,2024-06-08,Moderador,False
527,189,2021-05-08,Moderador,True
152,525,2022-02-16,Administrador,False
322,230,2021-01-15,Administrador,False
1060,467,2020-12-29,Administrador,True
822,446,2023-08-14,Moderador,False
654,151,2024-05-27,Moderador,False
458,33,2023-07-14,Miembro,False
876,565,2022-07-18,Moderador,False
424,26,2023-12-31,Moderador,True
1351,8,2022-11-01,Miembro,False
433,385,2024-08-01,Moderador,False
963,205,2022-04-10,Moderador,True
1238,187,2022-03-23,Moderador,False
789,74,2023-03-08,Administrador,True
1055,555,2023-05-14,Moderador,False
225,319,2023-05-19,Miembro,False
473,237,2022-04-01,Moderador,True
348,566,2024-07-24,Moderador,True
1472,570,2024-07-16,Administrador,False
983,324,2021-07-26,Moderador,False
408,383,2024-06-29,Administrador,False
597,421,2021-07-23,Miembro,False
357,514,2021-09-10,Administrador,False
472,360,2023-12-14,Moderador,False
873,160,2020-03-24,Miembro,False
836,350,2023-07-19,Miembro,False
464,338,2025-02-02,Administrador,False
663,365,2024-03-02,Miembro,True
107,82,2024-05-25,Moderador,False
1192,400,2024-01-12,Moderador,False
1290,512,2024-04-14,Administrador,True
657,420,2022-02-28,Administrador,True
39,450,2020-06-08,Administrador,False
1175,142,2024-09-06,Moderador,False
1280,470,2022-10-23,Moderador,False
780,575,2021-09-08,Miembro,True
40,175,2025-01-28,Moderador,True
195,245,2024-06-15,Moderador,True
860,340,2022-10-26,Miembro,True
664,321,2020-08-31,Administrador,False
962,593,2023-12-26,Miembro,False
268,253,2023-11-17,Moderador,True
372,87,2020-06-26,Miembro,True
821,294,2021-05-05,Miembro,False
1280,450,2021-12-16,Moderador,False
527,466,2023-10-31,Administrador,False
588,167,2024-09-27,Administrador,True
716,40,2020-11-29,Miembro,True
1147,179,2020-08-10,Moderador,True
773,593,2022-05-11,Administrador,True
217,104,2023-10-01,Administrador,False
1475,491,2022-02-14,Administrador,False
170,31,2023-06-12,Administrador,False
808,590,2022-03-26,Moderador,False
1233,254,2021-05-10,Administrador,True
262,570,2020-04-25,Miembro,True
950,557,2020-11-24,Miembro,False
1074,596,2023-01-31,Moderador,True
967,527,2022-09-12,Moderador,True
1307,201,2023-05-08,Miembro,True
637,354,2020-10-04,Miembro,True
1201,453,2021-04-06,Administrador,True
849,470,2020-10-08,Miembro,False
154,253,2022-05-01,Moderador,True
210,516,2025-02-20,Administrador,True
200,24,2020-12-04,Administrador,False
413,360,2021-08-24,Moderador,True
1011,527,2021-09-13,Moderador,False
1455,123,2024-09-19,Miembro,False
1499,65,2023-09-06,Miembro,False
1350,224,2023-12-14,Administrador,True
632,557,2021-10-06,Moderador,False
1118,279,2021-01-13,Miembro,False
793,488,2022-05-14,Administrador,False
1397,531,2021-03-06,Miembro,False
1124,305,2025-01-22,Moderador,False
258,348,2022-05-01,Administrador,False
922,170,2025-01-13,Miembro,True
627,396,2021-06-03,Administrador,True
1419,480,2023-09-08,Administrador,True
1007,489,2022-11-13,Miembro,True
1391,161,2021-01-12,Miembro,True
995,548,2021-02-26,Moderador,False
225,128,2024-09-03,Administrador,False
928,277,2022-12-20,Moderador,True
938,578,2024-06-09,Administrador,True
1079,544,2020-08-16,Moderador,False
1095,499,2021-08-29,Administrador,False
508,571,2020-03-16,Miembro,False
800,560,2021-09-10,Moderador,True
1290,421,2021-12-17,Administrador,False
718,69,2020-12-08,Miembro,True
335,497,2022-11-28,Administrador,False
438,82,2021-07-26,Moderador,True
1098,89,2021-01-06,Moderador,True
571,197,2024-10-18,Moderador,True
288,108,2020-04-06,Administrador,False
1424,121,2024-12-29,Administrador,False
434,294,2023-08-25,Moderador,True
1391,166,2020-09-29,Administrador,False
1428,531,2021-06-25,Administrador,True
397,5,2022-10-17,Administrador,True
1019,104,2021-06-19,Miembro,False
1244,523,2020-09-04,Moderador,True
540,541,2021-02-08,Administrador,True
593,241,2024-10-28,Miembro,False
964,304,2022-09-07,Miembro,False
1002,119,2022-02-13,Miembro,True
1216,537,2022-11-30,Administrador,True
439,511,2024-03-10,Administrador,False
1088,545,2022-01-23,Moderador,False
363,282,2020-04-03,Miembro,False
257,318,2024-07-31,Administrador,True
890,478,2020-08-11,Moderador,True
416,376,2023-08-22,Moderador,True
957,103,2022-11-14,Miembro,False
391,208,2024-02-27,Moderador,False
154,199,2021-05-23,Administrador,True
1091,342,2024-04-04,Miembro,False
1019,79,2021-10-03,Administrador,False
469,359,2024-07-28,Miembro,True
933,461,2020-07-23,Miembro,True
1053,478,2021-01-12,Miembro,False
1358,201,2023-09-11,Moderador,False
1324,499,2023-01-12,Administrador,False
1052,237,2024-11-08,Administrador,False
594,121,2022-10-05,Miembro,False
477,126,2023-03-24,Administrador,True
388,267,2023-09-18,Moderador,True
1474,578,2021-10-21,Moderador,True
907,51,2021-09-14,Miembro,True
574,502,2022-04-14,Miembro,True
189,49,2023-02-05,Miembro,True
1327,221,2022-08-09,Miembro,True
166,161,2020-03-18,Administrador,False
1243,480,2023-03-18,Administrador,False
523,348,2022-01-28,Miembro,False
1303,439,2023-10-30,Administrador,False
783,188,2020-02-28,Administrador,False
308,521,2023-07-22,Miembro,True
1001,447,2022-12-08,Moderador,True
920,524,2023-09-29,Administrador,True
182,229,2024-06-17,Miembro,False
863,496,2021-01-02,Miembro,True
1297,209,2022-11-18,Administrador,False
1090,420,2022-05-16,Administrador,False
460,206,2020-03-22,Administrador,True
1470,439,2024-07-31,Administrador,False
1365,365,2023-04-03,Administrador,False
1437,557,2021-06-29,Miembro,False
502,371,2020-12-21,Moderador,True
850,408,2023-12-25,Miembro,False
1154,532,2024-03-03,Moderador,True
56,528,2021-09-13,Administrador,True
1492,444,2024-12-19,Administrador,True
1269,131,2023-11-13,Moderador,False
1224,62,2021-04-05,Administrador,False
962,153,2021-06-02,Miembro,False
1470,353,2025-01-26,Moderador,True
289,346,2021-09-25,Miembro,False
1044,513,2022-01-30,Administrador,False
1327,523,2022-07-24,Miembro,True
292,296,2023-08-29,Miembro,True
436,514,2024-03-29,Miembro,False
46,257,2021-01-23,Administrador,True
1222,549,2024-09-27,Moderador,True
177,233,2022-09-17,Miembro,True
1359,158,2022-06-20,Administrador,False
849,567,2023-09-13,Miembro,False
493,261,2020-10-13,Administrador,True
852,349,2023-11-24,Administrador,False
764,358,2021-10-07,Moderador,True
165,473,2021-05-06,Miembro,False
1044,362,2024-01-02,Miembro,False
537,346,2022-09-07,Administrador,False
435,442,2022-03-22,Moderador,True
515,143,2020-05-14,Administrador,False
577,5,2023-12-06,Miembro,True
35,84,2023-07-05,Administrador,True
1195,28,2023-06-03,Miembro,True
1492,85,2023-12-13,Miembro,False
1164,427,2022-04-19,Administrador,True
772,402,2020-03-13,Administrador,True
274,5,2020-04-06,Moderador,True
28,201,2020-12-31,Miembro,True
214,182,2024-07-26,Administrador,False
274,574,2022-09-14,Moderador,False
371,27,2024-02-07,Miembro,True
444,344,2023-10-13,Miembro,True
504,532,2023-06-08,Administrador,True
1111,346,2025-02-19,Moderador,False
1151,431,2023-04-07,Moderador,False
1457,206,2021-10-11,Administrador,True
327,236,2023-01-31,Moderador,False
4,59,2025-01-06,Miembro,True
40,287,2023-05-08,Administrador,False
1057,208,2020-05-08,Moderador,True
1455,312,2023-12-05,Miembro,False
113,468,2020-11-23,Moderador,False
326,218,2021-05-23,Administrador,True
649,495,2022-06-25,Miembro,True
1188,105,2020-08-10,Moderador,False
97,577,2024-10-30,Miembro,True
828,357,2022-04-16,Miembro,False
274,459,2024-03-10,Miembro,True
1343,156,2023-05-29,Administrador,False
566,2,2023-03-16,Administrador,True
297,435,2021-06-20,Administrador,False
856,273,2020-05-25,Miembro,False
1226,325,2023-02-08,Moderador,False
846,505,2023-05-26,Miembro,True
282,307,2021-08-20,Moderador,True
340,122,2021-09-20,Administrador,True
1405,143,2022-09-08,Moderador,True
1023,415,2024-01-06,Miembro,True
1202,133,2021-03-20,Moderador,True
880,384,2024-09-06,Miembro,False
812,108,2020-08-28,Miembro,True
236,141,2021-09-30,Miembro,False
1227,157,2024-07-16,Administrador,True
544,536,2024-08-22,Miembro,True
337,526,2020-10-01,Miembro,False
1051,476,2022-08-17,Moderador,False
609,275,2022-03-10,Miembro,True
594,17,2024-01-13,Moderador,True
1089,266,2021-01-11,Miembro,True
491,358,2020-08-30,Administrador,True
166,361,2022-08-04,Administrador,True
974,9,2022-11-06,Miembro,False
1290,371,2024-08-08,Miembro,False
1155,180,2021-09-29,Miembro,False
580,431,2023-05-21,Miembro,True
352,94,2020-08-30,Miembro,True
1264,260,2023-07-29,Moderador,True
139,73,2020-06-16,Moderador,True
1346,244,2020-05-17,Administrador,False
457,88,2024-01-09,Administrador,True
1395,109,2022-11-01,Administrador,True
939,445,2020-08-14,Miembro,True
1008,518,2024-01-24,Moderador,False
873,473,2025-01-25,Miembro,True
446,48,2024-01-06,Miembro,False
1020,315,2023-01-05,Miembro,True
314,107,2021-05-21,Miembro,True
893,414,2021-07-09,Miembro,True
896,463,2020-10-13,Miembro,False
1067,295,2024-01-11,Administrador,True
316,533,2024-06-17,Administrador,False
609,422,2020-03-24,Moderador,True
257,399,2023-08-31,Moderador,True
58,346,2023-08-21,Administrador,False
1036,226,2024-05-09,Miembro,True
480,226,2023-12-06,Miembro,False
968,508,2022-09-28,Miembro,False
605,244,2024-05-31,Miembro,False
1440,267,2020-10-01,Moderador,True
970,352,2024-07-03,Administrador,False
973,328,2025-01-26,Administrador,False
1331,561,2021-11-08,Miembro,False
774,519,2020-04-01,Administrador,False
775,55,2020-09-21,Administrador,False
1335,568,2023-07-19,Administrador,False
53,496,2021-11-17,Moderador,False
859,215,2023-10-26,Administrador,False
1486,179,2024-06-04,Miembro,True
1095,566,2022-06-18,Moderador,True
93,74,2021-03-21,Moderador,False
1098,6,2023-10-06,Administrador,False
1241,379,2022-03-17,Moderador,False
109,224,2021-12-15,Moderador,False
1437,186,2023-11-14,Miembro,True
316,348,2020-11-06,Moderador,False
985,566,2024-10-21,Miembro,False
1212,293,2025-02-20,Moderador,True
308,354,2020-12-16,Miembro,False
1353,420,2022-03-06,Moderador,False
932,57,2022-11-05,Administrador,True
418,478,2023-01-19,Moderador,False
1384,111,2023-11-10,Administrador,True
513,189,2023-04-01,Moderador,False
1306,415,2024-01-16,Miembro,False
186,437,2021-07-13,Administrador,False
557,591,2024-02-10,Moderador,False
1087,367,2021-05-20,Administrador,True
1157,395,2024-10-30,Miembro,False
1039,207,2024-05-04,Administrador,True
1051,141,2024-11-06,Miembro,True
1119,125,2021-02-09,Moderador,False
66,434,2024-06-10,Miembro,False
1186,600,2022-04-30,Moderador,True
519,288,2021-02-15,Miembro,False
1446,39,2022-09-28,Administrador,True
636,482,2024-02-06,Administrador,True
1338,145,2023-05-21,Miembro,False
1091,211,2021-09-22,Miembro,True
914,586,2022-03-03,Miembro,True
1468,207,2024-06-26,Administrador,True
1049,361,2020-06-19,Moderador,True
332,491,2021-06-30,Moderador,False
971,34,2023-07-01,Moderador,False
1355,52,2024-04-22,Miembro,False
187,549,2020-08-24,Miembro,False
293,316,2022-08-13,Administrador,False
876,418,2023-08-14,Administrador,False
1449,8,2020-09-29,Moderador,True
548,493,2024-11-22,Moderador,False
516,298,2023-10-11,Moderador,True
113,111,2024-02-01,Administrador,False
1167,572,2024-04-08,Moderador,False
740,357,2020-11-24,Moderador,False
850,140,2023-08-13,Miembro,True
143,467,2022-07-10,Administrador,True
564,14,2020-10-08,Miembro,False
527,195,2024-07-26,Administrador,False
1477,481,2021-03-16,Miembro,False
156,511,2022-05-22,Miembro,True
1230,484,2023-09-22,Miembro,False
286,57,2020-08-05,Miembro,False
736,349,2022-04-30,Administrador,False
890,591,2025-01-19,Administrador,False
353,442,2025-01-27,Miembro,False
292,276,2020-11-22,Moderador,True
1266,262,2021-06-10,Miembro,False
745,507,2025-02-19,Miembro,True
104,570,2022-01-16,Administrador,False
138,143,2023-10-21,Administrador,False
1203,290,2021-11-08,Moderador,False
714,371,2021-05-21,Miembro,False
444,484,2021-05-28,Miembro,True
583,138,2024-07-25,Administrador,True
1039,151,2020-05-27,Miembro,True
684,419,2021-07-29,Moderador,False
885,390,2023-12-18,Administrador,True
988,417,2024-06-30,Administrador,True
1081,484,2020-03-11,Moderador,True
1312,323,2020-10-10,Administrador,False
407,492,2021-12-17,Miembro,False
1164,120,2022-09-06,Administrador,True
717,519,2024-04-14,Miembro,False
1207,282,2021-06-08,Moderador,False
1288,393,2020-07-06,Administrador,True
990,231,2024-12-15,Administrador,False
268,269,2023-11-05,Administrador,False
391,328,2024-04-27,Administrador,True
372,115,2022-03-26,Moderador,True
460,506,2024-09-24,Moderador,True
832,85,2023-09-29,Moderador,True
352,402,2023-06-13,Administrador,False
447,481,2024-04-05,Moderador,True
597,56,2023-02-01,Administrador,True
1236,273,2020-09-22,Administrador,True
348,167,2023-10-27,Administrador,False
588,465,2023-05-04,Miembro,True
526,565,2021-12-08,Administrador,True
180,190,2023-12-05,Moderador,False
1263,170,2023-06-15,Administrador,True
183,466,2024-01-16,Moderador,False
1269,272,2020-05-14,Moderador,False
989,221,2022-03-19,Administrador,True
199,110,2021-08-16,Miembro,True
1174,401,2024-03-30,Miembro,False
384,32,2022-09-20,Miembro,True
28,141,2020-11-18,Administrador,True
957,113,2022-09-05,Administrador,True
273,15,2022-02-14,Administrador,False
541,391,2024-10-13,Administrador,False
705,23,2022-03-02,Moderador,False
59,276,2023-12-01,Moderador,True
1454,138,2022-11-13,Administrador,True
517,505,2020-02-28,Miembro,False
167,80,2023-01-25,Moderador,False
420,438,2022-01-07,Administrador,False
698,45,2020-04-09,Moderador,False
886,83,2024-11-01,Moderador,False
1421,113,2021-10-14,Miembro,False
947,390,2021-12-17,Administrador,False
1196,216,2023-05-08,Administrador,True
231,31,2020-06-19,Administrador,True
1415,465,2021-01-10,Administrador,True
1163,346,2022-08-24,Miembro,False
446,420,2023-10-22,Moderador,False
197,195,2024-04-26,Miembro,False
734,1,2021-02-07,Moderador,False
519,282,2023-02-18,Miembro,False
390,538,2020-10-18,Miembro,False
489,599,2020-11-09,Miembro,True
1003,126,2024-09-29,Administrador,True
856,325,2024-12-03,Administrador,True
1287,58,2024-07-17,Moderador,True
1077,210,2024-11-19,Moderador,False
532,447,2021-09-19,Administrador,False
573,480,2024-04-21,Miembro,True
968,161,2020-08-06,Miembro,False
1245,344,2022-03-15,Moderador,True
105,465,2021-07-04,Miembro,False
1456,261,2021-08-06,Administrador,False
932,8,2022-09-04,Miembro,False
1390,573,2024-06-15,Administrador,True
1409,149,2020-09-12,Miembro,False
934,390,2022-03-02,Miembro,True
1061,534,2023-05-11,Administrador,True
1409,288,2020-06-26,Miembro,True
406,102,2022-10-02,Administrador,True
1457,525,2021-10-24,Moderador,False
245,455,2023-12-22,Moderador,True
856,322,2022-06-06,Administrador,True
1053,459,2023-01-30,Administrador,False
1148,557,2023-04-17,Administrador,True
1120,122,2023-12-22,Administrador,False
786,466,2023-07-07,Miembro,False
230,529,2023-11-12,Moderador,True
1363,516,2022-04-04,Administrador,True
637,434,2024-12-31,Miembro,False
1105,57,2022-09-25,Administrador,True
746,490,2020-04-21,Administrador,True
892,211,2024-09-17,Miembro,True
1314,560,2020-11-16,Miembro,True
152,541,2025-01-04,Moderador,True
549,214,2021-04-05,Administrador,True
1430,98,2024-05-18,Miembro,True
1458,200,2022-12-22,Administrador,False
687,47,2024-06-18,Miembro,True
795,389,2022-06-26,Moderador,False
1338,350,2024-08-01,Moderador,False
201,568,2021-06-28,Moderador,True
412,539,2024-04-23,Administrador,True
629,24,2023-11-26,Miembro,False
829,424,2023-04-17,Miembro,True
267,376,2022-09-25,Administrador,True
894,5,2023-12-30,Miembro,True
425,489,2021-09-25,Administrador,False
1193,596,2021-08-09,Moderador,False
119,372,2024-02-07,Moderador,False
342,157,2020-08-06,Miembro,False
1291,588,2020-11-10,Administrador,False
948,319,2021-06-08,Miembro,True
24,371,2022-04-28,Administrador,False
1157,173,2023-05-07,Moderador,False
715,123,2024-02-04,Miembro,True
1318,247,2023-03-04,Administrador,False
472,156,2022-10-30,Administrador,False
341,580,2024-04-09,Miembro,False
128,187,2023-05-30,Administrador,True
895,520,2021-11-25,Miembro,True
591,408,2022-03-31,Administrador,True
659,338,2024-03-10,Miembro,False
1332,440,2021-03-04,Moderador,False
581,48,2020-10-04,Moderador,True
496,473,2021-11-11,Miembro,False
963,113,2022-11-13,Miembro,True
340,455,2021-02-27,Administrador,True
480,327,2024-02-05,Moderador,False
337,334,2020-05-31,Moderador,True
380,70,2024-11-06,Administrador,False
1082,294,2024-01-12,Moderador,False
804,334,2021-02-04,Moderador,True
108,101,2023-09-11,Miembro,True
351,3,2022-10-26,Moderador,False
417,480,2020-08-08,Miembro,False
83,178,2024-08-24,Administrador,True
1007,115,2021-02-01,Miembro,False
965,509,2024-02-18,Miembro,True
119,101,2020-07-28,Moderador,False
1333,400,2021-11-20,Miembro,True
1348,551,2023-11-22,Miembro,True
1383,173,2023-07-08,Moderador,True
802,362,2020-09-25,Administrador,False
688,373,2021-12-31,Miembro,True
1311,184,2022-12-08,Moderador,False
1012,244,2021-07-16,Miembro,True
336,180,2022-08-08,Administrador,True
1,565,2021-06-14,Moderador,False
185,92,2024-11-03,Miembro,False
60,529,2021-01-10,Administrador,False
1323,133,2023-10-17,Miembro,False
595,284,2025-02-01,Miembro,True
291,456,2022-06-29,Administrador,True
1046,227,2022-12-15,Miembro,False
360,320,2022-03-13,Moderador,False
417,105,2024-10-11,Moderador,True
875,567,2022-05-10,Miembro,True
718,341,2022-10-30,Moderador,False
1342,90,2023-01-27,Administrador,True
22,78,2022-09-07,Miembro,False
1025,315,2021-07-14,Moderador,True
907,66,2024-02-07,Administrador,False
588,310,2021-04-15,Miembro,False
136,548,2022-07-09,Administrador,True
1002,559,2022-06-20,Miembro,True
643,159,2023-11-17,Miembro,False
1156,201,2023-02-04,Administrador,False
1473,143,2021-11-17,Moderador,False
203,592,2024-11-14,Administrador,True
397,192,2023-12-17,Miembro,False
1072,332,2025-02-09,Miembro,False
537,544,2021-04-13,Moderador,True
538,537,2020-06-09,Miembro,False
814,294,2020-12-01,Miembro,True
1345,196,2022-07-22,Moderador,True
1153,5,2024-07-23,Administrador,True
613,477,2021-05-31,Miembro,True
22,574,2021-07-31,Miembro,True
281,374,2021-11-04,Moderador,True
1018,548,2024-04-06,Miembro,True
94,338,2021-09-07,Moderador,False
1483,238,2023-04-11,Miembro,True
860,394,2025-01-09,Moderador,True
733,422,2023-05-25,Administrador,False
38,352,2024-09-10,Administrador,False
416,302,2023-08-24,Miembro,False
500,372,2022-11-21,Moderador,False
124,143,2020-03-22,Moderador,False
168,326,2023-05-20,Miembro,False
1485,322,2023-09-15,Moderador,False
1496,278,2020-05-15,Miembro,False
522,592,2021-03-06,Administrador,True
985,86,2020-11-18,Miembro,True
1352,525,2023-07-29,Miembro,False
1160,64,2023-02-03,Administrador,False
1178,573,2023-01-07,Miembro,False
136,532,2024-08-17,Moderador,False
877,470,2023-07-18,Miembro,False
882,308,2023-03-01,Administrador,True
1491,25,2020-12-16,Miembro,True
666,248,2020-11-05,Administrador,True
701,224,2023-02-05,Miembro,True
729,393,2020-05-26,Miembro,False
59,300,2022-03-05,Miembro,True
586,357,2022-11-28,Administrador,True
988,87,2023-04-02,Administrador,False
1167,282,2023-04-20,Moderador,True
1029,242,2024-11-07,Administrador,True
675,235,2021-01-10,Miembro,False
23,108,2024-10-11,Administrador,True
768,178,2020-08-17,Administrador,True
384,451,2020-08-03,Administrador,False
411,283,2023-09-10,Administrador,False
1061,495,2023-07-22,Moderador,False
955,317,2020-05-28,Administrador,False
1308,223,2023-03-06,Moderador,True
322,185,2023-10-03,Moderador,True
460,148,2024-04-07,Administrador,False
813,464,2024-03-27,Moderador,True
1024,231,2021-09-25,Administrador,True
258,408,2021-01-17,Moderador,False
167,82,2021-10-01,Moderador,True
1056,496,2023-11-12,Miembro,False
1410,507,2020-04-21,Moderador,False
1056,315,2020-06-29,Miembro,False
645,595,2024-09-22,Moderador,False
465,389,2022-06-24,Miembro,True
142,490,2021-12-21,Miembro,True
153,263,2024-09-29,Miembro,True
118,573,2020-06-11,Miembro,True
1479,462,2020-05-11,Miembro,False
124,240,2023-10-08,Administrador,False
819,202,2022-03-30,Miembro,False
1055,3,2022-02-21,Miembro,True
828,503,2024-05-09,Miembro,False
455,446,2024-08-28,Administrador,False
1246,126,2021-04-29,Administrador,False
1129,461,2022-03-24,Administrador,True
36,105,2023-09-28,Moderador,False
682,208,2025-02-16,Administrador,True
271,156,2021-02-14,Miembro,False
633,1,2020-04-07,Miembro,True
500,79,2024-05-26,Moderador,False
508,29,2024-08-21,Miembro,False
1423,587,2024-01-03,Miembro,True
1128,74,2021-08-03,Administrador,True
33,163,2020-09-14,Miembro,True
716,62,2025-01-21,Miembro,False
509,569,2020-12-31,Miembro,True
1400,10,2023-06-01,Moderador,False
854,584,2021-11-01,Moderador,False
1298,337,2020-03-17,Administrador,True
1419,407,2021-02-02,Administrador,False
689,267,2023-10-30,Moderador,False
343,70,2022-12-18,Administrador,True
1121,322,2020-12-05,Administrador,False
606,272,2023-09-19,Administrador,False
484,306,2024-10-10,Administrador,False
130,525,2020-07-05,Miembro,True
1216,341,2020-06-01,Miembro,False
1352,27,2022-06-13,Administrador,True
98,599,2024-03-31,Administrador,False
668,181,2021-09-19,Administrador,False
849,90,2021-01-07,Administrador,True
356,269,2022-12-06,Miembro,False
547,219,2021-11-05,Moderador,True
1077,272,2022-12-18,Miembro,False
447,333,2024-03-01,Administrador,True
529,525,2020-06-04,Miembro,False
1115,359,2020-04-29,Miembro,False
1044,203,2021-12-02,Miembro,False
1212,174,2022-12-18,Moderador,True
572,477,2024-06-24,Miembro,False
269,328,2023-12-24,Moderador,False
403,19,2020-11-01,Moderador,True
1129,383,2024-04-11,Moderador,False
140,42,2020-08-26,Administrador,True
793,241,2021-09-26,Administrador,False
330,351,2020-03-27,Administrador,False
1240,481,2020-08-07,Moderador,True
772,184,2023-02-21,Moderador,False
852,160,2022-12-09,Miembro,False
1028,167,2023-04-04,Moderador,True
1127,141,2020-04-10,Moderador,False
743,233,2021-01-28,Administrador,False
352,288,2024-10-10,Miembro,True
114,169,2023-12-28,Administrador,False
1296,354,2024-08-26,Miembro,True
1024,39,2025-01-28,Moderador,False
142,534,2020-04-02,Administrador,True
698,543,2020-08-20,Moderador,True
303,471,2022-12-01,Administrador,True
741,408,2021-09-29,Miembro,False
734,96,2022-05-24,Moderador,False
634,197,2021-05-20,Moderador,False
948,60,2022-01-24,Administrador,False
470,519,2021-04-08,Administrador,True
1295,588,2023-03-05,Miembro,True
309,524,2023-02-05,Miembro,True
40,113,2022-05-28,Administrador,True
178,240,2021-11-14,Administrador,True
742,146,2021-10-29,Miembro,False
397,349,2022-05-06,Moderador,True
1352,279,2021-08-10,Miembro,False
551,33,2021-12-11,Moderador,True
366,92,2021-08-19,Moderador,False
361,62,2020-11-12,Moderador,False
614,495,2021-08-16,Miembro,True
971,446,2022-09-22,Administrador,False
508,587,2021-11-05,Miembro,True
968,185,2020-03-19,Miembro,True
914,334,2021-05-09,Miembro,True
1307,523,2022-12-20,Moderador,True
522,542,2024-07-15,Moderador,False
1244,204,2021-11-17,Administrador,False
1130,489,2022-03-31,Miembro,False
216,444,2020-04-17,Administrador,False
151,410,2022-01-03,Administrador,False
1440,509,2023-07-22,Moderador,False
1492,122,2020-10-09,Miembro,False
1022,406,2022-03-09,Miembro,False
1344,266,2021-04-20,Administrador,False
1280,459,2021-05-04,Administrador,True
832,120,2024-05-01,Moderador,True
1,184,2023-09-30,Administrador,False
881,252,2025-01-30,Miembro,True
229,368,2020-04-11,Moderador,True
1496,11,2022-04-29,Moderador,False
304,193,2024-04-07,Miembro,True
412,263,2022-05-25,Administrador,True
1492,499,2022-09-09,Moderador,False
594,420,2024-05-17,Moderador,False
778,327,2022-02-09,Moderador,True
126,548,2020-04-03,Moderador,False
803,292,2024-07-09,Moderador,True
900,38,2021-01-07,Moderador,True
233,526,2021-03-07,Miembro,False
550,167,2020-05-31,Miembro,True
326,1,2023-12-09,Administrador,True
1292,93,2024-11-19,Moderador,False
590,314,2020-04-07,Miembro,False
1432,92,2024-11-25,Administrador,True
666,204,2024-04-21,Administrador,False
1050,131,2023-09-20,Moderador,True
883,533,2023-05-24,Moderador,True
1418,533,2024-03-28,Administrador,True
1397,208,2024-08-22,Moderador,True
520,411,2022-09-30,Miembro,False
901,42,2023-01-15,Miembro,True
1385,493,2021-11-27,Moderador,True
264,340,2021-11-02,Miembro,True
1392,438,2022-08-15,Administrador,False
925,103,2021-10-11,Miembro,True
1356,136,2022-03-20,Miembro,False
1173,374,2023-02-19,Administrador,True
1289,373,2024-01-25,Miembro,False
1442,289,2024-07-05,Administrador,True
545,379,2022-09-06,Moderador,True
732,196,2022-01-06,Administrador,False
854,10,2024-01-11,Moderador,True
194,322,2020-06-27,Miembro,True
1483,422,2020-09-29,Miembro,True
1006,450,2020-10-11,Moderador,True
611,188,2024-06-20,Moderador,False
1257,85,2020-07-17,Miembro,False
512,389,2021-11-05,Administrador,False
1121,434,2021-11-01,Administrador,False
406,198,2023-07-18,Miembro,True
549,383,2020-11-11,Administrador,True
1182,146,2021-11-22,Administrador,True
1289,508,2023-06-26,Moderador,True
1081,202,2021-12-17,Administrador,False
1344,283,2024-03-29,Miembro,False
506,331,2022-12-05,Miembro,False
60,521,2020-05-10,Moderador,True
1304,258,2023-09-27,Moderador,False
1143,194,2020-05-04,Miembro,True
1106,447,2022-10-25,Miembro,False
665,384,2020-08-30,Miembro,True
1098,121,2022-01-11,Miembro,True
1081,279,2022-03-22,Miembro,False
796,416,2023-05-03,Moderador,True
1440,584,2020-12-24,Miembro,False
1172,14,2021-02-10,Moderador,True
626,225,2023-07-07,Miembro,False
256,413,2022-03-01,Miembro,False
409,64,2024-03-22,Miembro,False
1131,244,2024-11-19,Moderador,False
1126,154,2022-08-07,Administrador,False
116,396,2023-03-01,Miembro,True
586,445,2023-12-28,Moderador,True
221,502,2022-02-25,Moderador,False
466,538,2023-08-30,Moderador,False
945,583,2021-07-31,Administrador,False
1292,421,2023-02-21,Moderador,False
425,237,2022-03-16,Miembro,True
642,283,2020-04-05,Moderador,False
780,19,2022-03-28,Administrador,True
43,465,2022-06-05,Administrador,True
1394,482,2021-03-22,Moderador,True
371,291,2023-11-02,Miembro,False
1281,75,2020-03-08,Administrador,True
1499,56,2021-08-03,Miembro,False
35,506,2023-11-25,Administrador,False
386,450,2022-03-01,Miembro,True
668,5,2021-09-27,Miembro,True
885,489,2021-03-30,Administrador,True
413,561,2023-07-27,Miembro,False
1084,108,2021-04-06,Moderador,False
1223,398,2023-12-26,Moderador,False
962,82,2021-04-20,Moderador,True
1130,407,2024-07-22,Moderador,False
1067,520,2024-02-06,Administrador,False
1447,201,2020-05-16,Administrador,True
320,581,2021-04-05,Moderador,False
754,503,2021-09-21,Moderador,True
1322,139,2022-09-22,Moderador,True
261,316,2020-04-09,Moderador,True
336,376,2020-04-16,Administrador,False
1096,90,2025-02-24,Moderador,False
620,10,2024-04-24,Miembro,False
547,561,2022-12-18,Administrador,True
1216,43,2020-11-04,Miembro,True
49,189,2020-09-29,Administrador,False
1413,522,2020-03-08,Miembro,True
330,63,2021-09-27,Moderador,False
1442,89,2024-12-27,Moderador,False
1414,492,2022-03-03,Administrador,True
394,96,2022-05-27,Miembro,False
1223,87,2020-04-01,Administrador,True
291,126,2025-01-15,Moderador,False
701,170,2025-01-17,Moderador,True
1422,525,2023-08-31,Moderador,True
1467,551,2023-02-23,Moderador,True
380,147,2023-09-16,Miembro,True
987,60,2024-02-18,Administrador,False
99,453,2024-11-23,Moderador,False
1497,567,2024-12-26,Miembro,False
989,578,2023-03-15,Administrador,False
133,163,2023-05-21,Moderador,False
262,571,2022-06-28,Administrador,False
1162,463,2023-03-04,Miembro,False
484,147,2024-08-10,Moderador,False
849,476,2020-12-06,Administrador,True
226,425,2023-11-29,Administrador,False
1415,109,2020-09-12,Administrador,True
1446,274,2021-12-12,Moderador,False
283,139,2020-06-22,Miembro,True
533,465,2022-01-16,Administrador,True
211,590,2021-07-10,Moderador,True
838,407,2021-05-21,Moderador,True
412,27,2024-12-03,Moderador,False
927,225,2022-08-20,Administrador,False
583,263,2022-09-09,Moderador,False
728,434,2021-08-18,Administrador,True
672,266,2021-07-27,Miembro,False
1374,497,2021-01-24,Miembro,False
1334,321,2021-12-15,Miembro,False
1092,479,2024-10-14,Moderador,True
33,66,2022-08-22,Administrador,False
1118,288,2021-11-20,Moderador,False
602,529,2022-01-01,Administrador,True
459,379,2021-03-29,Moderador,False
870,119,2020-12-12,Miembro,False
854,292,2022-03-21,Miembro,False
1102,505,2022-02-10,Miembro,False
367,167,2020-06-20,Administrador,True
736,194,2020-09-03,Administrador,False
236,543,2020-07-31,Miembro,False
505,125,2022-08-12,Moderador,True
106,36,2021-07-24,Administrador,True
103,411,2022-12-19,Administrador,True
1134,222,2023-05-07,Moderador,True
266,257,2020-03-01,Administrador,False
204,251,2021-10-07,Moderador,True
1150,557,2020-05-25,Administrador,False
1416,158,2021-04-01,Moderador,True
1421,33,2021-11-04,Miembro,False
496,159,2020-03-02,Moderador,True
703,38,2025-02-05,Administrador,False
1179,89,2023-01-11,Miembro,True
1091,49,2024-06-08,Administrador,True
1315,570,2024-04-28,Miembro,True
969,586,2021-09-15,Moderador,True
576,71,2020-05-17,Moderador,False
375,133,2021-08-06,Administrador,False
650,259,2020-05-10,Administrador,False
232,55,2024-01-03,Miembro,True
259,65,2023-03-06,Administrador,True
452,208,2021-06-15,Moderador,True
923,518,2020-07-31,Miembro,False
368,440,2020-04-27,Administrador,False
507,177,2021-08-14,Moderador,False
1161,193,2022-12-03,Moderador,False
657,374,2023-03-11,Administrador,True
668,352,2023-06-30,Administrador,False
1105,459,2021-12-15,Administrador,False
498,163,2020-11-12,Miembro,False
874,308,2024-07-02,Miembro,False
1357,268,2023-10-31,Administrador,True
318,288,2020-03-18,Moderador,True
1478,455,2023-11-08,Moderador,True
1224,435,2021-07-13,Moderador,False
742,225,2022-01-18,Moderador,True
245,8,2021-02-23,Miembro,False
467,344,2022-05-31,Administrador,True
124,452,2022-03-18,Administrador,True
307,301,2024-08-19,Moderador,False
838,489,2024-03-26,Administrador,True
1433,481,2022-07-19,Administrador,False
