usuario_id,post_id,fecha_posteo,visibilidad,ubicacion
707,1,2021-09-15,Privado,EE.UU
1238,2,2021-12-10,Privado,Guatemala
901,3,2022-02-05,Público,España
158,4,2023-07-02,Público,México
434,5,2022-05-01,Público,EE.UU
323,6,2022-06-26,Público,México
1354,7,2023-06-21,Público,México
677,8,2023-09-03,Público,México
987,9,2022-05-16,Privado,España
982,10,2024-02-20,Privado,México
1326,11,2023-08-25,Privado,México
46,12,2024-09-26,Público,EE.UU
262,13,2021-10-11,Privado,Guatemala
276,14,2022-12-18,Público,México
1173,15,2020-05-02,Público,Guatemala
341,16,2021-11-09,Público,EE.UU
1059,17,2020-09-28,Privado,Guatemala
1228,18,2023-11-22,Privado,Guatemala
1474,19,2023-07-20,Privado,EE.UU
176,20,2021-12-08,Público,EE.UU
1243,21,2024-06-18,Público,México
350,22,2020-09-15,Público,España
1231,23,2020-07-15,Privado,España
1277,24,2021-12-08,Público,Guatemala
344,25,2021-01-30,Privado,España
929,26,2020-05-24,Privado,Guatemala
471,27,2021-02-09,Privado,México
271,28,2020-12-21,Privado,EE.UU
415,29,2022-04-12,Privado,México
307,30,2022-06-03,Público,España
364,31,2020-07-24,Privado,EE.UU
1089,32,2023-01-29,Público,México
191,33,2022-07-12,Privado,México
1236,34,2023-04-06,Público,Guatemala
1390,35,2020-11-09,Privado,Guatemala
1070,36,2024-08-31,Privado,México
89,37,2021-06-12,Privado,EE.UU
470,38,2022-09-15,Público,Guatemala
781,39,2020-09-20,Público,EE.UU
872,40,2022-03-20,Privado,Guatemala
978,41,2021-06-11,Privado,Guatemala
172,42,2024-02-28,Privado,Guatemala
528,43,2023-01-21,Público,México
1453,44,2024-04-19,Público,Guatemala
1184,45,2023-10-31,Privado,Guatemala
1065,46,2020-04-06,Privado,EE.UU
1341,47,2024-04-20,Público,EE.UU
838,48,2025-02-01,Público,EE.UU
317,49,2020-05-15,Público,Guatemala
536,50,2022-04-23,Público,EE.UU
1157,51,2021-12-07,Privado,España
1394,52,2022-10-03,Privado,EE.UU
847,53,2024-04-13,Público,México
367,54,2022-09-03,Privado,Guatemala
520,55,2021-01-12,Privado,España
1445,56,2022-01-23,Privado,México
1351,57,2023-11-20,Público,México
915,58,2023-04-01,Privado,México
206,59,2022-04-03,Privado,Guatemala
694,60,2022-01-21,Público,México
330,61,2024-03-16,Privado,Guatemala
187,62,2024-04-29,Privado,España
966,63,2021-05-19,Privado,Guatemala
181,64,2021-10-22,Público,México
455,65,2023-08-02,Privado,México
1248,66,2021-11-10,Público,México
821,67,2024-11-21,Público,Guatemala
1458,68,2022-10-04,Privado,España
359,69,2024-05-22,Público,España
900,70,2021-08-30,Privado,México
1346,71,2024-07-24,Privado,México
399,72,2023-06-18,Privado,España
1260,73,2024-03-28,Público,Guatemala
737,74,2023-10-12,Público,Guatemala
323,75,2024-08-22,Privado,Guatemala
819,76,2022-10-27,Público,España
831,77,2023-11-04,Público,España
1061,78,2020-04-14,Público,España
185,79,2022-12-19,Privado,EE.UU
1488,80,2023-10-01,Privado,Guatemala
712,81,2022-04-23,Privado,México
464,82,2022-05-02,Público,México
932,83,2024-07-24,Privado,México
1178,84,2020-09-22,Privado,Guatemala
359,85,2022-11-09,Público,España
1145,86,2021-11-10,Público,España
697,87,2023-11-20,Privado,EE.UU
1052,88,2022-11-08,Privado,EE.UU
1102,89,2022-11-21,Público,España
1422,90,2020-06-14,Público,EE.UU
1154,91,2024-01-09,Público,España
696,92,2022-09-14,Público,Guatemala
1396,93,2021-12-03,Privado,Guatemala
988,94,2021-10-11,Privado,México
139,95,2022-09-16,Privado,EE.UU
1387,96,2024-12-11,Público,Guatemala
647,97,2024-04-17,Privado,EE.UU
1058,98,2022-12-21,Privado,Guatemala
1436,99,2022-11-02,Privado,EE.UU
509,100,2024-02-23,Público,México
818,101,2023-05-19,Privado,EE.UU
156,102,2020-11-16,Privado,EE.UU
976,103,2020-11-10,Público,Guatemala
448,104,2020-05-08,Público,EE.UU
375,105,2020-06-02,Público,España
1022,106,2023-06-16,Público,EE.UU
481,107,2023-10-06,Público,EE.UU
544,108,2024-06-24,Público,México
416,109,2022-03-03,Privado,EE.UU
1267,110,2024-01-27,Privado,México
219,111,2020-10-29,Privado,España
1385,112,2020-09-03,Privado,España
1258,113,2022-11-20,Público,México
988,114,2022-03-15,Privado,Guatemala
1009,115,2023-12-12,Público,México
1006,116,2020-09-17,Privado,México
815,117,2024-02-09,Público,México
111,118,2022-11-06,Privado,España
980,119,2023-06-25,Público,EE.UU
1030,120,2021-07-06,Privado,España
1406,121,2022-10-09,Privado,EE.UU
937,122,2023-09-13,Público,España
1431,123,2025-01-23,Privado,España
647,124,2024-12-11,Público,Guatemala
25,125,2023-06-20,Público,Guatemala
778,126,2024-04-04,Privado,México
667,127,2021-10-23,Público,Guatemala
384,128,2024-02-09,Privado,México
486,129,2021-11-01,Privado,EE.UU
1256,130,2023-07-08,Público,Guatemala
377,131,2021-04-10,Privado,España
432,132,2024-10-15,Público,España
748,133,2023-12-20,Privado,Guatemala
573,134,2022-01-26,Público,Guatemala
1171,135,2023-09-07,Privado,Guatemala
205,136,2022-07-19,Público,México
483,137,2022-07-31,Privado,España
781,138,2025-01-01,Privado,España
307,139,2022-04-19,Privado,México
362,140,2024-01-18,Privado,Guatemala
276,141,2020-07-30,Privado,EE.UU
997,142,2020-08-10,Público,España
1152,143,2022-05-22,Público,Guatemala
816,144,2020-11-19,Público,EE.UU
123,145,2023-07-15,Privado,EE.UU
976,146,2022-07-19,Privado,México
922,147,2024-04-22,Privado,España
533,148,2023-04-24,Privado,México
1148,149,2023-10-29,Privado,Guatemala
705,150,2021-07-20,Privado,EE.UU
249,151,2021-07-05,Público,EE.UU
1182,152,2021-07-21,Privado,Guatemala
583,153,2023-06-30,Privado,México
1379,154,2021-10-03,Público,México
916,155,2022-10-05,Público,México
781,156,2020-10-04,Privado,España
950,157,2022-09-15,Público,EE.UU
344,158,2020-06-01,Público,México
864,159,2024-04-28,Público,Guatemala
147,160,2022-03-29,Privado,España
704,161,2020-05-23,Público,Guatemala
649,162,2022-08-25,Privado,EE.UU
1455,163,2023-06-13,Privado,España
556,164,2021-02-20,Público,México
744,165,2023-10-23,Privado,EE.UU
848,166,2023-11-12,Privado,Guatemala
48,167,2021-10-28,Privado,Guatemala
1356,168,2023-06-23,Privado,EE.UU
432,169,2022-09-25,Público,EE.UU
211,170,2021-08-14,Privado,España
970,171,2020-10-08,Público,EE.UU
54,172,2023-05-01,Público,México
1074,173,2024-08-02,Público,Guatemala
213,174,2022-07-06,Privado,México
173,175,2024-12-01,Privado,España
634,176,2022-02-02,Privado,México
582,177,2021-10-03,Privado,México
269,178,2022-04-03,Privado,EE.UU
59,179,2024-12-26,Privado,Guatemala
667,180,2024-01-08,Público,EE.UU
957,181,2020-08-13,Privado,España
1124,182,2023-10-03,Público,EE.UU
1429,183,2022-01-10,Privado,Guatemala
1211,184,2021-07-08,Público,Guatemala
1293,185,2022-03-18,Público,Guatemala
1073,186,2020-11-06,Público,EE.UU
712,187,2024-08-10,Público,EE.UU
184,188,2023-08-04,Público,México
750,189,2024-12-11,Privado,EE.UU
319,190,2023-10-05,Público,Guatemala
1,191,2025-02-18,Privado,España
705,192,2022-04-28,Privado,México
1096,193,2021-08-25,Público,EE.UU
978,194,2021-09-03,Público,México
882,195,2024-06-11,Público,España
1223,196,2023-04-11,Privado,EE.UU
1123,197,2023-07-07,Público,México
844,198,2024-05-27,Público,Guatemala
809,199,2023-05-09,Público,Guatemala
1465,200,2021-05-05,Público,EE.UU
775,201,2021-04-06,Público,México
163,202,2022-08-27,Público,México
1059,203,2021-01-05,Privado,Guatemala
584,204,2022-12-29,Privado,Guatemala
846,205,2020-09-22,Público,México
374,206,2021-10-27,Público,México
227,207,2021-10-19,Público,EE.UU
1266,208,2022-01-06,Público,España
1435,209,2025-01-22,Público,Guatemala
385,210,2020-05-05,Privado,España
312,211,2022-01-20,Público,México
381,212,2024-12-21,Privado,Guatemala
578,213,2023-09-04,Público,Guatemala
1465,214,2021-07-22,Privado,España
477,215,2021-06-11,Privado,Guatemala
31,216,2023-03-11,Privado,México
701,217,2022-06-05,Público,EE.UU
1021,218,2023-07-02,Público,Guatemala
1428,219,2022-10-14,Público,Guatemala
677,220,2022-07-22,Público,EE.UU
115,221,2021-12-08,Público,España
147,222,2022-11-27,Público,Guatemala
372,223,2023-09-09,Privado,España
782,224,2021-11-15,Público,Guatemala
250,225,2024-05-31,Privado,Guatemala
789,226,2021-10-29,Público,España
507,227,2020-09-08,Privado,Guatemala
408,228,2025-01-30,Público,México
1068,229,2022-06-25,Público,España
969,230,2024-11-07,Público,España
662,231,2022-12-13,Privado,EE.UU
1126,232,2021-11-21,Público,EE.UU
519,233,2021-03-09,Privado,Guatemala
407,234,2023-12-29,Privado,México
1366,235,2023-06-15,Privado,México
484,236,2021-05-24,Público,EE.UU
665,237,2024-07-06,Privado,España
566,238,2024-01-18,Público,México
811,239,2020-03-20,Público,Guatemala
19,240,2023-01-19,Público,México
1191,241,2021-01-22,Público,EE.UU
1410,242,2022-07-17,Público,EE.UU
761,243,2020-12-11,Privado,EE.UU
510,244,2021-03-16,Público,España
188,245,2020-10-30,Privado,EE.UU
1281,246,2021-04-26,Privado,Guatemala
729,247,2023-08-10,Público,Guatemala
1437,248,2021-03-25,Público,España
258,249,2021-09-30,Público,España
649,250,2021-03-19,Privado,EE.UU
899,251,2022-04-08,Privado,Guatemala
44,252,2022-07-04,Privado,España
734,253,2021-05-19,Privado,Guatemala
514,254,2023-12-04,Privado,Guatemala
994,255,2022-06-25,Público,España
1145,256,2022-07-12,Público,Guatemala
389,257,2022-07-01,Público,Guatemala
1114,258,2022-06-06,Privado,Guatemala
1500,259,2022-07-23,Público,España
1227,260,2024-08-24,Público,España
142,261,2024-03-30,Público,España
921,262,2024-12-17,Privado,Guatemala
1110,263,2021-01-11,Público,España
2,264,2020-12-22,Público,México
380,265,2021-12-06,Público,México
1270,266,2022-03-16,Privado,México
1271,267,2024-04-25,Público,México
1477,268,2023-03-10,Público,México
389,269,2021-12-06,Público,España
1130,270,2022-09-13,Público,Guatemala
661,271,2021-12-14,Público,España
227,272,2024-11-15,Público,Guatemala
90,273,2023-12-09,Público,México
366,274,2020-12-04,Privado,México
414,275,2024-09-26,Público,España
393,276,2024-08-14,Privado,México
1170,277,2023-12-01,Privado,México
1348,278,2023-01-10,Público,México
101,279,2020-05-30,Público,España
1241,280,2020-12-27,Público,Guatemala
27,281,2024-06-09,Privado,España
1343,282,2020-10-20,Público,EE.UU
959,283,2024-02-16,Público,España
740,284,2020-11-27,Público,EE.UU
756,285,2020-07-27,Público,México
1264,286,2024-11-25,Privado,México
145,287,2021-03-12,Privado,España
160,288,2022-04-09,Público,Guatemala
1064,289,2022-10-08,Privado,EE.UU
1486,290,2024-01-31,Público,México
389,291,2022-08-16,Privado,España
1168,292,2021-10-13,Privado,España
1144,293,2024-08-30,Público,EE.UU
217,294,2020-09-04,Público,España
1382,295,2022-05-06,Privado,México
214,296,2021-11-04,Público,EE.UU
1127,297,2020-10-21,Privado,España
1347,298,2024-05-30,Público,México
722,299,2024-10-29,Público,EE.UU
1127,300,2022-07-26,Público,EE.UU
845,301,2024-08-17,Privado,España
1487,302,2024-06-15,Privado,España
1154,303,2022-08-27,Privado,EE.UU
769,304,2024-05-04,Público,España
738,305,2020-08-16,Privado,México
917,306,2022-01-05,Público,EE.UU
1,307,2024-12-05,Privado,España
583,308,2024-11-13,Público,México
1061,309,2024-10-31,Público,Guatemala
14,310,2024-12-14,Privado,EE.UU
440,311,2025-01-09,Privado,Guatemala
45,312,2024-08-05,Público,España
1134,313,2022-10-14,Privado,Guatemala
194,314,2020-08-14,Privado,Guatemala
729,315,2024-12-06,Público,México
543,316,2024-12-04,Privado,México
478,317,2021-02-26,Privado,México
189,318,2023-03-16,Público,Guatemala
1166,319,2021-05-23,Privado,España
159,320,2021-06-02,Privado,México
989,321,2020-02-29,Público,España
1413,322,2021-02-22,Público,Guatemala
1220,323,2022-07-12,Privado,EE.UU
77,324,2024-08-04,Público,EE.UU
161,325,2024-05-13,Privado,México
685,326,2024-11-16,Privado,Guatemala
854,327,2020-09-20,Privado,México
465,328,2022-10-29,Público,México
1299,329,2021-07-20,Público,EE.UU
111,330,2022-11-09,Público,España
654,331,2024-10-15,Privado,México
670,332,2020-12-15,Público,EE.UU
314,333,2024-07-09,Público,EE.UU
913,334,2021-01-08,Público,México
455,335,2021-02-17,Privado,EE.UU
808,336,2021-03-01,Privado,Guatemala
689,337,2021-05-17,Público,España
1171,338,2023-04-08,Privado,EE.UU
1123,339,2020-10-09,Público,EE.UU
175,340,2023-10-23,Público,México
1430,341,2022-04-15,Privado,EE.UU
985,342,2020-06-16,Privado,EE.UU
1000,343,2023-05-23,Privado,EE.UU
1150,344,2023-06-04,Público,Guatemala
497,345,2024-09-05,Privado,México
881,346,2023-06-22,Privado,España
231,347,2022-06-08,Público,México
868,348,2021-04-14,Público,Guatemala
391,349,2022-12-10,Privado,España
1217,350,2023-08-03,Público,EE.UU
625,351,2024-07-26,Privado,EE.UU
1263,352,2021-10-21,Público,México
1277,353,2020-07-20,Público,EE.UU
92,354,2022-12-02,Privado,EE.UU
409,355,2024-08-12,Privado,EE.UU
320,356,2021-01-29,Privado,EE.UU
231,357,2024-03-05,Público,EE.UU
498,358,2023-10-18,Público,EE.UU
590,359,2023-01-08,Privado,Guatemala
1421,360,2021-04-01,Privado,Guatemala
625,361,2020-07-08,Privado,Guatemala
47,362,2021-02-19,Privado,España
1102,363,2022-09-25,Público,EE.UU
1120,364,2022-01-15,Privado,México
1124,365,2023-04-16,Público,México
1424,366,2020-09-08,Público,México
772,367,2020-03-22,Público,EE.UU
524,368,2024-03-01,Público,EE.UU
582,369,2023-05-18,Privado,EE.UU
109,370,2024-01-05,Público,EE.UU
137,371,2021-12-25,Público,EE.UU
1358,372,2021-09-12,Público,EE.UU
221,373,2022-12-07,Privado,EE.UU
1330,374,2022-06-03,Privado,España
780,375,2025-01-24,Privado,México
647,376,2024-02-20,Privado,España
382,377,2020-12-28,Público,EE.UU
1149,378,2022-05-30,Privado,México
82,379,2022-03-02,Público,EE.UU
684,380,2025-01-12,Público,Guatemala
322,381,2025-01-23,Privado,Guatemala
1402,382,2024-07-02,Privado,España
1281,383,2021-02-17,Público,España
1027,384,2024-01-26,Público,México
1282,385,2020-06-04,Público,EE.UU
61,386,2023-05-22,Privado,México
462,387,2020-12-01,Privado,México
805,388,2022-08-04,Público,España
180,389,2020-02-29,Público,México
1067,390,2024-01-05,Privado,España
855,391,2021-04-05,Privado,EE.UU
874,392,2021-03-14,Público,España
1240,393,2020-05-05,Público,España
1111,394,2022-01-15,Público,México
1337,395,2023-10-02,Privado,EE.UU
283,396,2021-01-21,Privado,Guatemala
881,397,2024-07-11,Privado,Guatemala
1344,398,2020-12-01,Privado,EE.UU
651,399,2024-02-04,Privado,México
378,400,2020-07-23,Público,Guatemala
1490,401,2021-09-12,Público,España
848,402,2021-11-09,Privado,España
622,403,2024-03-11,Privado,México
312,404,2020-05-13,Privado,Guatemala
219,405,2020-04-27,Privado,España
54,406,2020-03-06,Privado,Guatemala
1241,407,2024-05-18,Privado,Guatemala
1222,408,2021-01-08,Público,España
1408,409,2021-12-12,Privado,EE.UU
163,410,2021-05-04,Público,España
275,411,2023-08-25,Público,EE.UU
1459,412,2024-10-17,Público,Guatemala
377,413,2023-12-20,Público,México
1007,414,2022-08-14,Público,EE.UU
336,415,2022-02-19,Público,España
67,416,2021-10-04,Privado,España
553,417,2021-07-23,Privado,EE.UU
456,418,2021-02-26,Privado,EE.UU
419,419,2024-11-09,Privado,Guatemala
900,420,2022-07-24,Público,EE.UU
1409,421,2023-03-06,Público,Guatemala
506,422,2023-11-11,Privado,España
86,423,2020-05-04,Privado,España
1475,424,2021-11-22,Privado,México
1253,425,2020-05-04,Público,Guatemala
1067,426,2021-10-18,Público,EE.UU
936,427,2024-07-16,Privado,Guatemala
504,428,2020-03-05,Público,EE.UU
81,429,2023-05-10,Público,México
1058,430,2024-06-18,Privado,EE.UU
389,431,2021-09-09,Privado,Guatemala
816,432,2020-07-13,Privado,Guatemala
586,433,2022-04-08,Público,España
866,434,2021-04-23,Privado,México
1414,435,2024-11-20,Privado,Guatemala
950,436,2025-01-04,Público,Guatemala
186,437,2023-05-25,Privado,EE.UU
369,438,2023-02-08,Privado,EE.UU
806,439,2023-12-31,Privado,España
924,440,2020-12-08,Privado,España
930,441,2021-01-27,Privado,EE.UU
932,442,2022-06-23,Público,México
664,443,2024-03-23,Público,España
1472,444,2022-05-28,Público,México
187,445,2022-04-26,Privado,México
1299,446,2023-12-17,Público,Guatemala
1073,447,2023-07-16,Público,México
1489,448,2023-05-20,Público,Guatemala
776,449,2022-04-03,Privado,Guatemala
90,450,2022-12-01,Privado,México
687,451,2023-07-11,Privado,España
333,452,2024-09-04,Privado,Guatemala
367,453,2022-11-17,Privado,México
860,454,2025-01-29,Público,EE.UU
1496,455,2021-01-16,Privado,España
592,456,2022-04-20,Privado,EE.UU
241,457,2021-01-11,Público,Guatemala
416,458,2024-12-21,Privado,EE.UU
26,459,2021-02-23,Público,España
1022,460,2023-05-19,Público,España
1246,461,2023-06-09,Público,EE.UU
488,462,2022-02-25,Público,España
930,463,2023-08-18,Público,México
163,464,2023-05-19,Público,México
502,465,2023-04-23,Público,EE.UU
1270,466,2023-07-19,Privado,España
101,467,2024-12-24,Público,EE.UU
113,468,2020-10-08,Público,España
76,469,2020-11-22,Público,Guatemala
1367,470,2021-09-28,Privado,España
679,471,2023-01-03,Público,México
101,472,2024-11-04,Privado,Guatemala
366,473,2024-03-19,Público,Guatemala
1252,474,2024-11-10,Privado,EE.UU
933,475,2024-05-18,Privado,España
74,476,2023-01-24,Privado,Guatemala
662,477,2022-07-14,Público,EE.UU
139,478,2022-05-19,Público,España
1128,479,2024-12-08,Público,EE.UU
965,480,2021-01-30,Público,México
1423,481,2023-11-25,Público,EE.UU
675,482,2020-04-11,Público,México
1075,483,2022-10-23,Público,España
1254,484,2024-03-03,Público,Guatemala
1171,485,2022-10-18,Privado,México
991,486,2022-09-05,Público,EE.UU
875,487,2021-06-10,Privado,Guatemala
532,488,2024-10-05,Privado,Guatemala
266,489,2020-08-08,Público,México
1065,490,2020-03-27,Público,EE.UU
1009,491,2024-02-02,Privado,Guatemala
1249,492,2023-04-23,Privado,México
397,493,2021-09-14,Privado,Guatemala
50,494,2023-01-08,Privado,Guatemala
425,495,2023-01-16,Privado,Guatemala
848,496,2021-04-02,Privado,Guatemala
717,497,2022-08-08,Privado,España
24,498,2022-07-28,Público,Guatemala
1414,499,2021-08-20,Privado,Guatemala
139,500,2020-04-25,Público,EE.UU
1038,501,2024-05-31,Privado,EE.UU
13,502,2022-01-25,Público,EE.UU
700,503,2022-01-03,Público,España
360,504,2021-01-19,Privado,EE.UU
693,505,2020-06-04,Privado,Guatemala
972,506,2020-11-26,Privado,España
1323,507,2024-12-08,Público,España
319,508,2021-09-04,Público,México
1100,509,2024-02-04,Privado,EE.UU
948,510,2022-01-27,Público,España
115,511,2020-03-10,Privado,México
1158,512,2024-02-05,Público,EE.UU
1138,513,2020-09-21,Privado,España
427,514,2024-03-17,Privado,EE.UU
725,515,2021-06-23,Público,México
575,516,2024-08-13,Privado,España
695,517,2020-04-06,Privado,España
1170,518,2023-11-20,Público,México
384,519,2023-07-09,Público,Guatemala
632,520,2023-07-16,Público,España
1454,521,2020-07-01,Privado,España
848,522,2022-07-02,Público,España
487,523,2023-09-22,Público,Guatemala
620,524,2023-07-04,Público,EE.UU
359,525,2022-04-27,Público,España
77,526,2020-03-23,Público,EE.UU
190,527,2021-05-27,Privado,España
989,528,2024-07-13,Privado,España
390,529,2020-11-14,Público,Guatemala
1073,530,2023-04-03,Privado,Guatemala
294,531,2022-06-04,Privado,EE.UU
1058,532,2022-06-08,Público,EE.UU
421,533,2020-09-10,Público,España
941,534,2022-10-04,Privado,España
9,535,2024-01-04,Público,EE.UU
1408,536,2022-05-28,Público,EE.UU
683,537,2024-01-18,Público,Guatemala
212,538,2023-03-08,Privado,Guatemala
47,539,2023-03-29,Público,EE.UU
1309,540,2021-02-09,Público,Guatemala
658,541,2021-04-11,Privado,Guatemala
587,542,2024-09-20,Privado,España
904,543,2021-06-12,Público,EE.UU
559,544,2021-03-15,Público,México
561,545,2023-02-04,Público,EE.UU
1276,546,2021-03-29,Privado,Guatemala
424,547,2021-10-08,Privado,EE.UU
1126,548,2023-02-17,Privado,EE.UU
290,549,2024-05-21,Privado,Guatemala
1176,550,2023-07-11,Privado,España
146,551,2021-09-16,Público,España
1108,552,2022-05-08,Público,España
267,553,2024-06-23,Privado,Guatemala
1384,554,2024-12-19,Público,México
786,555,2023-05-12,Privado,México
874,556,2024-03-23,Público,EE.UU
1444,557,2022-11-01,Público,México
1263,558,2023-06-07,Privado,México
681,559,2020-09-09,Público,México
1461,560,2022-06-06,Público,España
954,561,2020-12-05,Público,EE.UU
191,562,2020-04-12,Público,España
200,563,2021-11-13,Público,España
1402,564,2022-02-13,Público,EE.UU
964,565,2023-01-14,Privado,México
295,566,2020-12-06,Público,EE.UU
745,567,2024-04-15,Público,México
1433,568,2022-10-04,Público,México
666,569,2021-11-12,Público,Guatemala
62,570,2023-06-09,Público,México
232,571,2022-01-18,Privado,España
945,572,2022-09-14,Público,EE.UU
579,573,2022-07-20,Privado,España
1238,574,2022-10-01,Privado,EE.UU
1041,575,2020-04-19,Privado,México
1463,576,2024-09-08,Privado,México
668,577,2024-03-23,Privado,EE.UU
619,578,2020-06-20,Público,México
821,579,2020-05-21,Privado,México
489,580,2023-07-02,Público,Guatemala
1123,581,2025-01-12,Público,España
787,582,2021-09-18,Privado,México
427,583,2023-08-12,Privado,España
892,584,2023-07-11,Privado,EE.UU
1116,585,2020-11-30,Público,Guatemala
355,586,2021-07-13,Público,EE.UU
1458,587,2021-04-24,Público,España
235,588,2022-01-07,Privado,México
667,589,2020-03-30,Privado,EE.UU
912,590,2021-08-16,Público,España
832,591,2021-04-10,Público,EE.UU
1404,592,2020-04-16,Público,Guatemala
671,593,2023-09-02,Público,Guatemala
186,594,2023-09-04,Privado,EE.UU
1190,595,2022-02-01,Público,México
301,596,2023-01-27,Privado,EE.UU
928,597,2020-10-20,Privado,EE.UU
799,598,2024-11-08,Privado,EE.UU
401,599,2022-01-26,Privado,España
614,600,2023-06-14,Privado,México
891,601,2022-05-15,Público,Guatemala
183,602,2024-06-04,Público,México
1253,603,2022-10-26,Privado,EE.UU
262,604,2022-11-05,Público,España
128,605,2020-11-12,Público,Guatemala
2,606,2020-10-04,Privado,España
225,607,2024-02-04,Privado,España
64,608,2020-10-19,Privado,Guatemala
1439,609,2020-07-10,Privado,España
1281,610,2021-08-16,Privado,España
832,611,2023-11-09,Público,España
1117,612,2020-02-28,Público,EE.UU
973,613,2024-03-28,Público,Guatemala
1138,614,2021-02-28,Privado,México
855,615,2022-04-21,Público,Guatemala
1373,616,2023-08-11,Privado,EE.UU
24,617,2021-08-01,Privado,EE.UU
295,618,2021-10-03,Privado,España
1348,619,2020-03-02,Privado,México
174,620,2023-10-30,Privado,EE.UU
934,621,2024-06-02,Privado,México
1277,622,2023-07-30,Público,Guatemala
1044,623,2024-06-15,Público,México
788,624,2021-09-28,Público,EE.UU
381,625,2020-07-09,Privado,España
1184,626,2021-03-27,Público,España
1459,627,2023-02-17,Privado,EE.UU
842,628,2025-01-15,Privado,México
69,629,2022-01-20,Privado,Guatemala
1444,630,2022-09-29,Privado,EE.UU
1189,631,2024-01-16,Privado,México
291,632,2024-06-10,Público,España
953,633,2021-01-22,Privado,EE.UU
1072,634,2021-08-09,Privado,Guatemala
503,635,2020-09-03,Público,México
1401,636,2020-02-27,Privado,Guatemala
1256,637,2021-01-20,Público,México
1096,638,2023-03-07,Público,España
961,639,2024-10-03,Privado,México
1176,640,2020-06-13,Privado,Guatemala
863,641,2022-09-01,Privado,Guatemala
593,642,2023-07-25,Privado,EE.UU
1424,643,2023-10-09,Público,España
1489,644,2020-05-27,Público,EE.UU
126,645,2020-12-21,Privado,México
1185,646,2020-08-19,Privado,México
1345,647,2024-03-03,Privado,España
588,648,2023-02-06,Público,Guatemala
260,649,2023-04-15,Privado,México
570,650,2023-03-09,Público,España
1262,651,2021-03-01,Público,Guatemala
527,652,2020-05-30,Privado,EE.UU
1237,653,2021-09-14,Público,Guatemala
1350,654,2024-11-14,Privado,Guatemala
360,655,2024-07-04,Público,Guatemala
994,656,2023-05-26,Privado,Guatemala
703,657,2022-05-04,Público,España
1220,658,2024-11-12,Privado,México
1016,659,2024-08-05,Privado,Guatemala
785,660,2024-01-18,Público,España
1487,661,2021-09-04,Privado,Guatemala
432,662,2020-10-12,Privado,Guatemala
112,663,2022-12-11,Privado,México
238,664,2021-09-14,Público,España
951,665,2024-05-02,Público,México
618,666,2021-01-18,Público,EE.UU
778,667,2024-06-11,Público,España
972,668,2025-02-14,Privado,México
1087,669,2022-11-01,Privado,EE.UU
25,670,2022-12-10,Público,Guatemala
783,671,2024-09-01,Privado,Guatemala
1086,672,2020-03-19,Público,Guatemala
200,673,2024-12-26,Público,México
885,674,2024-06-22,Privado,Guatemala
687,675,2022-04-10,Público,España
202,676,2024-01-30,Público,México
945,677,2024-12-01,Privado,Guatemala
1377,678,2021-02-20,Privado,México
1065,679,2020-03-08,Privado,España
642,680,2024-09-22,Público,México
1378,681,2022-06-16,Privado,Guatemala
25,682,2021-11-25,Público,España
1076,683,2021-02-10,Privado,España
720,684,2022-05-19,Público,México
516,685,2023-03-08,Privado,EE.UU
49,686,2023-04-24,Privado,México
117,687,2024-10-12,Público,EE.UU
1228,688,2022-09-10,Privado,España
1451,689,2024-09-09,Privado,Guatemala
177,690,2020-06-14,Público,España
770,691,2025-01-04,Privado,EE.UU
228,692,2024-12-10,Público,EE.UU
519,693,2023-12-29,Público,México
1353,694,2024-05-14,Público,EE.UU
1309,695,2021-02-07,Privado,Guatemala
875,696,2022-08-24,Público,EE.UU
528,697,2020-11-07,Privado,EE.UU
568,698,2024-03-10,Público,España
784,699,2023-08-19,Público,México
124,700,2023-02-01,Público,EE.UU
365,701,2021-08-09,Privado,EE.UU
1008,702,2023-09-26,Público,España
1250,703,2024-07-02,Privado,Guatemala
1322,704,2021-04-06,Público,España
295,705,2021-11-13,Público,Guatemala
448,706,2021-06-30,Privado,México
905,707,2020-09-17,Privado,Guatemala
212,708,2022-01-02,Privado,España
145,709,2023-08-02,Público,Guatemala
914,710,2020-12-08,Privado,EE.UU
305,711,2025-01-23,Privado,México
78,712,2024-03-27,Privado,Guatemala
546,713,2020-12-22,Privado,España
802,714,2024-06-01,Privado,México
1056,715,2020-04-03,Privado,España
980,716,2025-01-15,Público,Guatemala
1491,717,2024-09-26,Privado,España
1107,718,2020-02-29,Privado,Guatemala
788,719,2021-04-23,Público,México
249,720,2020-12-16,Público,España
683,721,2021-02-15,Público,México
821,722,2021-03-29,Público,México
749,723,2020-05-27,Privado,México
165,724,2022-05-09,Privado,México
594,725,2023-05-30,Público,Guatemala
362,726,2021-11-23,Privado,España
787,727,2021-01-06,Público,Guatemala
613,728,2023-06-13,Privado,España
219,729,2024-10-17,Privado,EE.UU
997,730,2021-01-29,Privado,México
389,731,2024-10-23,Público,Guatemala
396,732,2021-07-18,Público,México
1002,733,2024-05-06,Público,México
1108,734,2025-02-21,Privado,España
1024,735,2023-08-07,Privado,Guatemala
34,736,2022-07-11,Privado,EE.UU
115,737,2024-08-23,Público,México
831,738,2021-01-17,Privado,España
1340,739,2024-05-17,Público,Guatemala
1389,740,2023-06-15,Privado,España
1187,741,2020-12-28,Público,Guatemala
76,742,2020-05-06,Público,México
1002,743,2021-01-19,Público,España
966,744,2022-04-16,Privado,México
498,745,2024-10-27,Público,Guatemala
30,746,2023-07-08,Privado,México
630,747,2024-01-12,Privado,Guatemala
935,748,2023-04-04,Público,España
1211,749,2024-03-28,Público,EE.UU
234,750,2021-06-26,Público,México
130,751,2022-01-10,Privado,Guatemala
873,752,2022-11-04,Público,España
665,753,2022-08-17,Público,EE.UU
659,754,2022-07-02,Privado,México
94,755,2021-02-05,Privado,EE.UU
688,756,2024-12-09,Público,España
561,757,2022-08-23,Privado,México
345,758,2024-05-28,Público,México
1134,759,2022-02-04,Público,México
499,760,2023-07-05,Público,Guatemala
274,761,2021-05-17,Privado,EE.UU
324,762,2023-10-27,Público,México
166,763,2023-04-22,Público,EE.UU
368,764,2022-12-09,Público,México
1448,765,2022-04-27,Privado,España
853,766,2021-12-09,Público,México
1418,767,2023-04-23,Privado,EE.UU
294,768,2022-02-17,Público,EE.UU
1072,769,2021-09-04,Privado,EE.UU
490,770,2022-06-01,Público,EE.UU
1251,771,2020-04-26,Público,EE.UU
1222,772,2022-08-18,Privado,EE.UU
1254,773,2024-11-15,Privado,México
1285,774,2021-06-25,Privado,España
713,775,2024-05-07,Público,Guatemala
1143,776,2024-12-10,Privado,España
241,777,2024-04-25,Privado,México
1268,778,2024-05-13,Público,Guatemala
951,779,2021-07-25,Privado,España
567,780,2025-01-08,Privado,EE.UU
231,781,2021-07-31,Privado,México
1404,782,2022-01-28,Público,México
1019,783,2021-10-19,Privado,Guatemala
1373,784,2024-09-24,Público,España
111,785,2023-06-30,Público,España
584,786,2023-04-25,Privado,Guatemala
515,787,2020-12-25,Público,México
89,788,2023-07-18,Privado,España
1101,789,2021-07-01,Público,EE.UU
60,790,2021-05-04,Privado,Guatemala
146,791,2024-01-28,Público,Guatemala
1478,792,2024-06-02,Privado,Guatemala
859,793,2020-07-03,Público,España
472,794,2020-08-21,Público,España
668,795,2023-03-18,Privado,Guatemala
486,796,2021-03-21,Privado,España
410,797,2021-01-21,Público,EE.UU
151,798,2020-04-05,Privado,México
112,799,2020-04-01,Público,EE.UU
297,800,2023-07-18,Privado,Guatemala
365,801,2021-10-21,Público,Guatemala
280,802,2022-01-08,Privado,España
1295,803,2020-03-14,Privado,España
415,804,2022-07-17,Privado,México
66,805,2020-04-11,Público,EE.UU
575,806,2022-05-10,Público,Guatemala
954,807,2021-10-28,Público,España
351,808,2022-08-22,Público,Guatemala
451,809,2023-11-28,Público,España
1237,810,2021-09-15,Privado,México
1184,811,2024-05-16,Privado,México
178,812,2020-03-30,Privado,España
444,813,2022-07-17,Público,México
948,814,2024-04-01,Privado,EE.UU
1496,815,2024-09-09,Privado,EE.UU
508,816,2022-08-26,Público,México
1187,817,2023-12-29,Público,EE.UU
1175,818,2020-09-21,Privado,EE.UU
856,819,2021-07-28,Privado,Guatemala
964,820,2020-06-18,Público,EE.UU
872,821,2021-12-12,Privado,España
982,822,2021-09-17,Privado,EE.UU
927,823,2022-12-15,Privado,España
171,824,2022-10-31,Público,México
1420,825,2020-10-24,Privado,México
447,826,2024-03-10,Privado,España
606,827,2021-07-06,Público,Guatemala
33,828,2022-10-09,Privado,España
332,829,2020-04-25,Público,EE.UU
1169,830,2023-01-17,Público,España
932,831,2021-05-26,Privado,España
1441,832,2023-05-12,Público,Guatemala
759,833,2022-04-20,Público,España
1442,834,2020-07-07,Público,España
1285,835,2023-09-06,Público,México
1415,836,2021-09-19,Público,España
608,837,2023-08-10,Público,México
1430,838,2022-05-27,Público,Guatemala
1403,839,2020-03-15,Privado,EE.UU
113,840,2023-05-02,Privado,España
106,841,2022-06-02,Privado,EE.UU
749,842,2022-10-10,Privado,México
749,843,2023-11-22,Público,Guatemala
1328,844,2024-12-31,Privado,Guatemala
1149,845,2024-08-26,Público,Guatemala
284,846,2021-09-25,Público,México
1106,847,2021-06-19,Público,México
1189,848,2023-11-04,Privado,Guatemala
462,849,2022-04-03,Público,EE.UU
548,850,2020-03-27,Privado,España
568,851,2023-07-19,Público,Guatemala
764,852,2020-06-09,Público,México
996,853,2024-10-10,Privado,EE.UU
963,854,2021-06-10,Público,España
926,855,2023-10-18,Público,Guatemala
1379,856,2023-04-20,Privado,España
386,857,2024-03-28,Privado,España
179,858,2022-10-07,Privado,España
367,859,2021-08-05,Privado,Guatemala
224,860,2021-09-05,Privado,España
230,861,2021-11-03,Público,México
1017,862,2023-10-27,Privado,Guatemala
1067,863,2020-03-12,Público,España
601,864,2021-07-27,Público,Guatemala
971,865,2020-12-18,Público,Guatemala
910,866,2024-03-04,Público,España
598,867,2022-10-21,Privado,México
46,868,2020-11-05,Privado,España
1065,869,2020-05-01,Privado,EE.UU
844,870,2022-03-02,Privado,México
1343,871,2023-10-30,Privado,Guatemala
996,872,2022-07-21,Privado,Guatemala
938,873,2023-01-12,Privado,México
628,874,2024-02-26,Público,México
465,875,2020-08-20,Privado,España
591,876,2022-06-21,Privado,EE.UU
304,877,2020-04-08,Privado,México
934,878,2020-03-15,Privado,EE.UU
1267,879,2020-03-22,Público,España
1458,880,2025-02-21,Público,EE.UU
374,881,2021-04-21,Público,Guatemala
1451,882,2024-02-17,Privado,México
331,883,2022-08-31,Público,EE.UU
85,884,2022-01-25,Público,México
903,885,2023-08-10,Público,México
378,886,2020-04-03,Público,EE.UU
1364,887,2021-06-19,Público,Guatemala
303,888,2022-02-10,Privado,España
1106,889,2021-09-04,Privado,Guatemala
1093,890,2021-12-21,Privado,España
52,891,2025-01-09,Público,México
298,892,2023-08-06,Público,Guatemala
656,893,2020-07-27,Privado,España
1119,894,2021-01-02,Privado,Guatemala
1326,895,2023-08-06,Privado,EE.UU
971,896,2023-05-09,Privado,España
1175,897,2020-05-03,Privado,Guatemala
1158,898,2021-06-04,Privado,España
694,899,2020-09-28,Privado,España
1499,900,2021-09-20,Privado,EE.UU
286,901,2023-07-17,Público,EE.UU
631,902,2024-06-08,Privado,Guatemala
1265,903,2020-04-23,Privado,España
914,904,2022-03-28,Público,México
669,905,2023-12-18,Privado,EE.UU
1195,906,2025-01-14,Privado,EE.UU
570,907,2021-12-01,Público,Guatemala
172,908,2023-05-24,Público,Guatemala
1387,909,2021-01-15,Privado,España
1049,910,2021-07-17,Privado,Guatemala
1005,911,2021-07-12,Privado,España
1366,912,2024-10-18,Público,México
303,913,2022-10-03,Privado,Guatemala
758,914,2023-06-11,Público,México
25,915,2020-08-01,Público,México
720,916,2024-05-26,Privado,EE.UU
1149,917,2023-01-09,Privado,Guatemala
1491,918,2022-05-13,Privado,México
852,919,2021-11-13,Privado,España
592,920,2020-09-10,Público,Guatemala
1493,921,2022-12-25,Público,Guatemala
286,922,2020-09-27,Privado,Guatemala
295,923,2025-01-19,Privado,España
973,924,2023-05-14,Privado,México
136,925,2020-07-15,Público,EE.UU
182,926,2020-07-12,Privado,Guatemala
1309,927,2024-02-21,Público,EE.UU
849,928,2023-03-28,Público,México
1455,929,2022-11-16,Privado,EE.UU
409,930,2024-10-26,Público,México
593,931,2023-06-02,Privado,Guatemala
87,932,2024-05-30,Privado,Guatemala
1199,933,2020-05-08,Público,Guatemala
1146,934,2024-02-29,Privado,España
460,935,2023-12-14,Privado,Guatemala
316,936,2021-12-09,Privado,EE.UU
1312,937,2024-10-30,Público,EE.UU
255,938,2020-10-29,Público,México
855,939,2022-12-28,Privado,España
1409,940,2020-12-27,Privado,España
59,941,2022-01-07,Público,España
1010,942,2020-07-18,Público,España
1227,943,2021-10-11,Privado,EE.UU
1191,944,2022-12-15,Público,México
529,945,2022-01-17,Privado,EE.UU
1422,946,2021-01-09,Privado,EE.UU
765,947,2022-11-29,Público,México
532,948,2022-06-04,Público,Guatemala
300,949,2023-10-15,Privado,EE.UU
1420,950,2023-03-05,Público,Guatemala
335,951,2024-12-16,Privado,México
740,952,2022-09-15,Público,EE.UU
100,953,2023-11-01,Público,México
1085,954,2025-01-08,Privado,México
1053,955,2021-07-11,Privado,Guatemala
194,956,2022-09-14,Privado,México
1114,957,2021-03-31,Público,España
1403,958,2020-05-27,Privado,EE.UU
556,959,2021-05-04,Privado,Guatemala
197,960,2022-06-09,Privado,EE.UU
295,961,2022-12-09,Privado,EE.UU
1062,962,2023-02-18,Público,Guatemala
994,963,2023-05-11,Público,España
334,964,2023-03-10,Privado,México
317,965,2020-07-14,Público,Guatemala
386,966,2022-12-31,Privado,México
855,967,2021-09-09,Público,España
239,968,2022-08-22,Público,España
36,969,2022-11-23,Privado,Guatemala
639,970,2024-09-17,Público,España
285,971,2024-10-26,Privado,EE.UU
1224,972,2021-04-01,Privado,EE.UU
353,973,2020-10-07,Público,EE.UU
59,974,2023-01-02,Público,México
456,975,2021-06-16,Privado,Guatemala
1410,976,2021-05-11,Privado,México
257,977,2021-03-31,Público,Guatemala
161,978,2021-08-26,Privado,EE.UU
160,979,2020-10-17,Privado,España
884,980,2021-09-12,Público,México
221,981,2022-09-10,Público,España
961,982,2025-02-11,Privado,EE.UU
89,983,2024-03-02,Privado,México
1368,984,2024-12-09,Público,EE.UU
254,985,2024-07-01,Público,México
1204,986,2022-04-10,Público,Guatemala
379,987,2024-12-04,Privado,México
60,988,2021-06-08,Privado,Guatemala
569,989,2022-01-23,Privado,Guatemala
722,990,2024-09-24,Privado,México
1035,991,2020-10-22,Público,Guatemala
203,992,2021-12-03,Privado,España
1084,993,2021-05-05,Privado,EE.UU
578,994,2021-09-19,Público,EE.UU
1486,995,2021-10-12,Privado,EE.UU
1033,996,2023-09-03,Privado,EE.UU
751,997,2021-02-04,Público,EE.UU
901,998,2022-04-03,Privado,EE.UU
371,999,2022-06-25,Público,España
778,1000,2024-10-13,Privado,México
1054,1001,2020-07-22,Público,España
232,1002,2024-10-13,Privado,EE.UU
254,1003,2021-11-10,Público,EE.UU
1065,1004,2024-03-21,Público,España
740,1005,2021-11-18,Público,Guatemala
1142,1006,2024-02-06,Público,España
169,1007,2024-09-09,Privado,España
237,1008,2022-08-29,Público,España
936,1009,2022-08-03,Privado,EE.UU
1408,1010,2020-08-03,Privado,España
463,1011,2022-10-22,Público,México
596,1012,2025-02-12,Público,Guatemala
387,1013,2023-01-19,Privado,México
975,1014,2021-06-24,Público,Guatemala
368,1015,2022-06-27,Privado,EE.UU
1377,1016,2020-06-30,Público,Guatemala
898,1017,2021-04-22,Privado,España
245,1018,2022-07-27,Privado,Guatemala
821,1019,2022-09-06,Privado,España
346,1020,2022-02-03,Privado,EE.UU
408,1021,2023-12-03,Público,Guatemala
1219,1022,2023-03-18,Público,España
252,1023,2022-12-15,Privado,México
1486,1024,2024-11-17,Público,España
1462,1025,2023-01-30,Privado,EE.UU
1319,1026,2023-12-08,Privado,Guatemala
730,1027,2024-05-06,Privado,España
993,1028,2020-07-26,Público,España
302,1029,2022-02-20,Privado,España
222,1030,2024-11-05,Público,Guatemala
1003,1031,2021-07-09,Privado,México
1287,1032,2021-08-19,Privado,México
61,1033,2023-07-17,Privado,España
140,1034,2022-03-10,Privado,EE.UU
367,1035,2024-09-22,Público,EE.UU
313,1036,2020-12-03,Público,Guatemala
157,1037,2022-03-14,Privado,EE.UU
955,1038,2024-05-28,Privado,México
1356,1039,2025-02-16,Público,México
1034,1040,2020-11-15,Público,Guatemala
1108,1041,2023-04-15,Público,EE.UU
65,1042,2021-12-31,Público,Guatemala
786,1043,2022-07-30,Privado,Guatemala
771,1044,2021-01-15,Privado,EE.UU
74,1045,2024-02-28,Público,México
1141,1046,2021-06-24,Público,EE.UU
1447,1047,2024-03-20,Privado,Guatemala
883,1048,2024-05-22,Privado,México
1466,1049,2023-01-06,Privado,México
225,1050,2024-06-04,Privado,España
1352,1051,2023-01-25,Privado,EE.UU
975,1052,2021-09-19,Público,EE.UU
1038,1053,2022-04-09,Privado,Guatemala
540,1054,2025-01-25,Público,España
1264,1055,2022-12-07,Público,EE.UU
583,1056,2022-02-13,Público,España
58,1057,2023-04-24,Privado,México
263,1058,2020-03-16,Privado,México
715,1059,2024-01-21,Privado,Guatemala
1281,1060,2021-05-18,Privado,Guatemala
200,1061,2024-04-21,Público,España
732,1062,2021-04-30,Privado,México
116,1063,2021-03-25,Público,México
508,1064,2024-06-26,Público,Guatemala
1214,1065,2023-01-03,Privado,EE.UU
625,1066,2020-08-05,Privado,Guatemala
348,1067,2020-07-30,Público,EE.UU
77,1068,2020-08-30,Público,Guatemala
1164,1069,2023-08-09,Privado,México
547,1070,2022-11-15,Privado,Guatemala
1205,1071,2023-12-27,Público,Guatemala
774,1072,2023-11-11,Público,España
661,1073,2025-01-04,Privado,España
1001,1074,2024-09-18,Privado,Guatemala
689,1075,2022-04-03,Privado,México
342,1076,2024-04-02,Público,México
745,1077,2021-11-15,Privado,Guatemala
414,1078,2023-06-03,Privado,EE.UU
1098,1079,2023-10-12,Privado,España
544,1080,2024-03-02,Público,España
1175,1081,2024-04-08,Público,Guatemala
1280,1082,2020-09-04,Público,Guatemala
1470,1083,2021-10-19,Privado,Guatemala
1213,1084,2024-02-24,Privado,EE.UU
138,1085,2024-03-10,Público,España
875,1086,2023-05-14,Privado,Guatemala
158,1087,2023-04-03,Privado,EE.UU
1034,1088,2020-04-07,Privado,México
887,1089,2020-12-20,Privado,Guatemala
410,1090,2023-07-26,Público,EE.UU
515,1091,2024-06-21,Público,Guatemala
1376,1092,2023-09-01,Público,EE.UU
39,1093,2023-10-03,Privado,México
1182,1094,2020-03-05,Público,Guatemala
1354,1095,2020-07-29,Público,EE.UU
549,1096,2021-12-04,Privado,España
1160,1097,2022-02-23,Público,España
1070,1098,2020-06-22,Privado,México
948,1099,2022-02-11,Privado,EE.UU
309,1100,2022-01-11,Privado,México
892,1101,2024-07-29,Público,México
132,1102,2022-05-02,Público,España
845,1103,2022-03-26,Público,México
1324,1104,2021-05-04,Privado,Guatemala
1407,1105,2023-03-07,Público,México
832,1106,2024-05-13,Privado,Guatemala
308,1107,2023-07-11,Público,México
503,1108,2024-12-31,Privado,España
951,1109,2024-09-22,Privado,México
865,1110,2022-09-03,Público,España
414,1111,2020-10-08,Privado,Guatemala
280,1112,2023-02-25,Público,Guatemala
569,1113,2021-09-18,Público,México
1320,1114,2022-02-18,Privado,México
1480,1115,2020-04-06,Público,EE.UU
114,1116,2020-05-07,Privado,EE.UU
643,1117,2020-07-05,Privado,EE.UU
131,1118,2023-06-05,Privado,Guatemala
745,1119,2020-12-07,Público,México
813,1120,2024-05-06,Público,Guatemala
484,1121,2024-10-27,Privado,Guatemala
1069,1122,2024-10-21,Público,EE.UU
1017,1123,2023-04-04,Público,EE.UU
488,1124,2023-10-25,Privado,EE.UU
642,1125,2020-03-22,Público,EE.UU
484,1126,2024-02-17,Público,EE.UU
447,1127,2020-05-24,Público,España
359,1128,2020-03-12,Público,México
901,1129,2022-05-28,Público,México
1208,1130,2021-02-06,Público,EE.UU
1093,1131,2022-05-26,Público,España
649,1132,2023-03-31,Privado,EE.UU
973,1133,2025-02-15,Privado,España
569,1134,2024-01-05,Privado,Guatemala
744,1135,2022-04-04,Privado,México
632,1136,2023-10-09,Público,EE.UU
1357,1137,2020-08-27,Público,Guatemala
1415,1138,2022-10-18,Privado,México
519,1139,2021-01-01,Privado,España
634,1140,2023-01-30,Público,EE.UU
1404,1141,2021-05-20,Privado,México
907,1142,2022-07-31,Privado,México
805,1143,2024-04-08,Privado,EE.UU
617,1144,2023-12-31,Público,EE.UU
610,1145,2021-06-23,Público,España
899,1146,2024-04-08,Público,Guatemala
1320,1147,2020-11-03,Privado,Guatemala
562,1148,2024-12-02,Público,España
1007,1149,2020-07-22,Privado,Guatemala
682,1150,2021-05-25,Público,EE.UU
206,1151,2022-10-27,Público,EE.UU
1431,1152,2024-10-21,Público,México
721,1153,2024-08-07,Público,España
929,1154,2020-11-19,Privado,España
107,1155,2020-12-31,Privado,Guatemala
1291,1156,2020-05-21,Privado,España
7,1157,2022-05-12,Privado,EE.UU
1287,1158,2021-02-21,Privado,Guatemala
1180,1159,2023-04-27,Privado,España
324,1160,2022-08-10,Público,México
1217,1161,2024-01-16,Público,EE.UU
655,1162,2023-09-09,Privado,España
274,1163,2023-05-13,Privado,Guatemala
1408,1164,2021-05-21,Público,Guatemala
578,1165,2023-12-30,Público,México
849,1166,2023-07-24,Privado,Guatemala
806,1167,2024-07-31,Privado,EE.UU
1169,1168,2021-03-17,Privado,EE.UU
48,1169,2024-09-12,Privado,Guatemala
183,1170,2022-10-26,Público,México
407,1171,2023-09-05,Privado,España
102,1172,2021-12-13,Público,España
1230,1173,2023-10-11,Público,México
183,1174,2022-12-15,Privado,España
349,1175,2023-04-25,Privado,México
29,1176,2022-01-02,Privado,Guatemala
930,1177,2022-04-25,Privado,España
243,1178,2023-03-14,Público,Guatemala
391,1179,2024-02-26,Privado,México
590,1180,2020-06-04,Privado,México
783,1181,2021-11-27,Privado,España
424,1182,2022-08-26,Privado,Guatemala
580,1183,2022-06-15,Público,México
857,1184,2022-03-30,Público,España
299,1185,2021-08-01,Privado,España
537,1186,2023-04-13,Público,Guatemala
509,1187,2024-07-13,Privado,EE.UU
176,1188,2021-10-16,Público,España
273,1189,2020-10-02,Público,Guatemala
1420,1190,2021-08-24,Privado,México
1461,1191,2023-10-03,Privado,México
1224,1192,2022-02-11,Público,EE.UU
196,1193,2021-11-13,Privado,España
107,1194,2022-04-26,Privado,EE.UU
965,1195,2021-08-27,Privado,España
1242,1196,2024-11-29,Público,España
11,1197,2022-12-07,Privado,México
620,1198,2020-03-11,Privado,Guatemala
1375,1199,2022-06-28,Privado,México
1146,1200,2020-04-16,Público,Guatemala
